-- phpMyAdmin SQL Dump
-- version 5.0.1
-- https://www.phpmyadmin.net/
--
-- Máy chủ: 127.0.0.1
-- Thời gian đã tạo: Th12 23, 2020 lúc 02:04 PM
-- Phiên bản máy phục vụ: 10.4.11-MariaDB
-- Phiên bản PHP: 7.4.2

SET SQL_MODE = "NO_AUTO_VALUE_ON_ZERO";
SET AUTOCOMMIT = 0;
START TRANSACTION;
SET time_zone = "+00:00";


/*!40101 SET @OLD_CHARACTER_SET_CLIENT=@@CHARACTER_SET_CLIENT */;
/*!40101 SET @OLD_CHARACTER_SET_RESULTS=@@CHARACTER_SET_RESULTS */;
/*!40101 SET @OLD_COLLATION_CONNECTION=@@COLLATION_CONNECTION */;
/*!40101 SET NAMES utf8mb4 */;

--
-- Cơ sở dữ liệu: `phim`
--

-- --------------------------------------------------------

--
-- Cấu trúc bảng cho bảng `banner`
--

CREATE TABLE `banner` (
  `id` int(11) NOT NULL,
  `img` varchar(50) NOT NULL
) ENGINE=InnoDB DEFAULT CHARSET=utf8mb4;

--
-- Đang đổ dữ liệu cho bảng `banner`
--

INSERT INTO `banner` (`id`, `img`) VALUES
(1, 'banner3.png'),
(2, 'banner2.jpg'),
(3, 'banner1.jpg'),
(4, 'banner.jpg');

-- --------------------------------------------------------

--
-- Cấu trúc bảng cho bảng `danhgiaphim`
--

CREATE TABLE `danhgiaphim` (
  `id` int(11) NOT NULL,
  `tennguoidanhgia` varchar(50) NOT NULL,
  `danhgia` text NOT NULL,
  `idphim` int(11) NOT NULL
) ENGINE=InnoDB DEFAULT CHARSET=utf8mb4;

--
-- Đang đổ dữ liệu cho bảng `danhgiaphim`
--

INSERT INTO `danhgiaphim` (`id`, `tennguoidanhgia`, `danhgia`, `idphim`) VALUES
(18, 'admin123', 'jytjryfrmrym ryf', 1);

-- --------------------------------------------------------

--
-- Cấu trúc bảng cho bảng `ghe`
--

CREATE TABLE `ghe` (
  `id` int(11) NOT NULL,
  `trangthai` int(3) DEFAULT NULL,
  `ghe` int(11) DEFAULT NULL,
  `idhangghe` int(11) DEFAULT NULL,
  `idphong` int(11) DEFAULT NULL,
  `idsuatchieu` int(11) DEFAULT NULL
) ENGINE=InnoDB DEFAULT CHARSET=utf8mb4;

--
-- Đang đổ dữ liệu cho bảng `ghe`
--

INSERT INTO `ghe` (`id`, `trangthai`, `ghe`, `idhangghe`, `idphong`, `idsuatchieu`) VALUES
(4962, 0, 1, 219, 71, NULL),
(4963, 0, 1, 219, 72, NULL),
(4964, 0, 1, 220, 72, NULL),
(4965, 0, 1, 219, 73, NULL),
(4966, 0, 1, 220, 73, NULL),
(4967, 0, 1, 221, 73, NULL),
(4968, 0, 1, 219, 74, NULL),
(4969, 0, 1, 220, 74, NULL),
(4970, 0, 1, 221, 74, NULL),
(4971, 0, 1, 222, 74, NULL);

-- --------------------------------------------------------

--
-- Cấu trúc bảng cho bảng `hangghe`
--

CREATE TABLE `hangghe` (
  `id` int(11) NOT NULL,
  `tenhangghe` varchar(50) NOT NULL,
  `idphongchieu` int(11) NOT NULL,
  `idsuatchieu` int(11) DEFAULT NULL
) ENGINE=InnoDB DEFAULT CHARSET=utf8mb4;

--
-- Đang đổ dữ liệu cho bảng `hangghe`
--

INSERT INTO `hangghe` (`id`, `tenhangghe`, `idphongchieu`, `idsuatchieu`) VALUES
(219, 'A', 71, NULL),
(220, 'A', 72, NULL),
(221, 'A', 73, NULL),
(222, 'A', 74, NULL);

-- --------------------------------------------------------

--
-- Cấu trúc bảng cho bảng `khuyenmai`
--

CREATE TABLE `khuyenmai` (
  `id` int(11) NOT NULL,
  `tenkhuyenmai` text NOT NULL,
  `img` varchar(50) NOT NULL
) ENGINE=InnoDB DEFAULT CHARSET=utf8mb4;

--
-- Đang đổ dữ liệu cho bảng `khuyenmai`
--

INSERT INTO `khuyenmai` (`id`, `tenkhuyenmai`, `img`) VALUES
(1, 'Bắt Kịp Thời Đại 4.0: Bye Bye Thẻ Thành Viên Nhựa', 'km1.jpg'),
(2, 'TƯNG BỪNG HÁI \"SAO\" – NHẬN ƯU ĐÃI KHỦNG', 'km2.jpg'),
(3, 'Ngày Tri Ân Của Galaxy Cinema - Ngày Thứ Hai ĐẦU TIÊN Mỗi Tháng', 'km4.jpg'),
(4, 'Thứ Năm Kì Diệu Với JCB', 'km3.jpg'),
(5, 'Xem Siêu Phẩm Điện Ảnh - “Măm” Cực Phẩm Bắp Xào', 'km5.jpg'),
(6, 'Đặt Vé Online - Không Lo Trễ Nải', 'km6.jpg'),
(7, 'Uống Milo Cực Đã – Xem Phim Hot Cực Hay', 'km7.jpg');

-- --------------------------------------------------------

--
-- Cấu trúc bảng cho bảng `phim`
--

CREATE TABLE `phim` (
  `id` int(11) NOT NULL,
  `tenphim` varchar(50) NOT NULL,
  `tuoi` int(11) NOT NULL,
  `theloai` varchar(50) NOT NULL,
  `quocgia` varchar(50) NOT NULL,
  `dienvien` varchar(50) NOT NULL,
  `daodien` varchar(50) NOT NULL,
  `ngaychieu` varchar(50) NOT NULL,
  `rating` int(11) NOT NULL,
  `thoiluong` int(11) NOT NULL,
  `noidung` text NOT NULL,
  `trangthai` int(1) NOT NULL DEFAULT 0,
  `banner` varchar(50) NOT NULL,
  `anhphim` varchar(50) NOT NULL,
  `trailer` varchar(50) NOT NULL
) ENGINE=InnoDB DEFAULT CHARSET=utf8mb4;

--
-- Đang đổ dữ liệu cho bảng `phim`
--

INSERT INTO `phim` (`id`, `tenphim`, `tuoi`, `theloai`, `quocgia`, `dienvien`, `daodien`, `ngaychieu`, `rating`, `thoiluong`, `noidung`, `trangthai`, `banner`, `anhphim`, `trailer`) VALUES
(1, 'Bloodshot', 18, 'Hành Động', 'Mỹ', 'Vin Diesel, Eiza González', 'Dave Wilson', '11/3/2020', 5, 110, '  Ray Garrison là một sĩ quan cấp cao đã hy sinh trong một trận chiến. Thế nhưng, anh được tái sinh bằng công nghệ cao, giúp Ray sở hữu sức mạnh siêu nhiên và khả năng phục hồi nhanh chóng. Vận dụng những kỹ năng mới, anh săn lùng gã đàn ông đã giết vợ mình. Thế nhưng, khi sự thật dần hé mở, Ray nhận ra rằng không phải mọi thứ đều đáng tin. Ngay cả chính bản thân anh. ', 0, 'phim3.jpg', 'anhphim1.jpg', 'https://www.youtube.com/embed/2xmqGklHWLI'),
(2, 'Nắng 3: Lời Hứa Của Cha', 16, 'Hài, Tình cảm, Gia đình', 'Việt Nam', 'Khả Như, Kiều Minh Tuấn, Ngân Chi', 'Đồng Đăng Giao', '4/3/2020', 5, 109, 'Cuộc sống của một bà mẹ đơn thân cùng đứa con gái nhỏ thêm phần thú vị khi có sự xuất hiện của một người đàn ông lịch lãm, kế hoạch \"tìm chồng, tìm cha\" từ đây bắt đầu.', 0, 'phim2.jpg', 'anhphim10.jpg', 'https://www.youtube.com/embed/DymKqNH_m8w'),
(3, 'Onward - Truy Tìm Phép Thuật', 0, 'Hoạt Hình', 'Mỹ', 'Tom Holland, Chris Pratt', 'Dan Scanlon', '6/3/2020', 5, 103, 'Lấy bối cảnh vùng ngoại ô một thế giới kỳ ảo, hai anh em yêu tinh tuổi teen bắt đầu hành trình khám phá xem, liệu rằng đâu đó ngoài kia có còn tồn tại ma thuật không?', 0, 'phim1.jpg', 'anhphim9.jpg', 'https://www.youtube.com/embed/gn5QmllRCn4'),
(4, 'Coma - Kẻ Đào Tẩu Giấc Mơ', 16, 'Giả Tưởng', 'Nga', 'Milos Bikovic, Aleksey Serebryakov', 'Nikita Argunov', '20/3/2020', 5, 110, 'Một kiến trúc sư trẻ tài năng tỉnh dậy sau một tai nạn kinh hoàng và phát hiện rằng anh ta đang lạc trong một thế giới khác kỳ lạ và hỗn loạn có tên COMA. Đây là không gian mà các định luật vật lý thông thường không tồn tại. Chàng kỹ sư ngoài việc thích nghi còn phải chiến đấu trước những thế lực bí ẩn để bảo vệ tính mạng và tìm cách trở lại thế giới thực. ', 0, 'phim6.jpg', 'anhphim12.jpg', 'https://www.youtube.com/embed/f4_18y4SNRg'),
(5, 'Honest Candidate - Bà Hoàng Nói Dối', 16, 'Hài', 'Hàn Quốc', 'Ra Mi Ran, Kim Moo Yul, Na Moon Hee, Yoon Kyung Ho', 'Jang Yoo Jeong', '20/3/2020', 5, 103, 'Một nữ nghị sĩ có khả năng nói dối thiên tài đã đạt nhiều thành công trong sự nghiệp chính trị. Tuy nhiên ngay lúc kỳ tranh cử đang tới thì bà ta lại không thể nói dối được nữa. Khi sự thật phũ phàng đều bị phanh phui, liệu bà có đắc cử thành công hay không? ', 0, 'phim5.jpg', 'anhphim8.jpg', 'https://www.youtube.com/embed/Ir47MpPUMHM'),
(6, 'The Dustwalker - Sa Mạc Chết', 16, 'Ly kì, Giả Tưởng', 'Úc', 'Jolene Anderson,Stef Dawson', 'Sandra Sciberras', '20/3/2020', 5, 89, 'Một loài ký sinh trùng ngoài hành tinh tấn công người dân trên sa mạc và chiếm lấy não của họ. Tuy nhiên mối đe dọa thực sự đến nhân loại lại đến từ một sinh vật khác.', 1, 'phim4.jpg', 'anhphim11.jpg', 'sa.mp4'),
(7, 'Wonder Woman 1984', 16, 'Hành động, Phiêu lưu, Giả Tưởng', 'Mỹ', 'Gal Gadot, Pedro Pascal, Chris Pine', 'Dan Scanlon', '5/6/2020', 5, 110, 'Phần tiếp theo của bộ phim siêu anh hùng Wonder Woman năm 2017.', 1, 'phim8.png', 'anhphim2.png', 'won.mp4'),
(8, 'Black Widow - Góa Phụ Đen', 16, 'Hành động, Giả Tưởng, Phiêu lưu', 'Mỹ', 'Scarlett Johansson, Florence Pugh, Rachel Weisz', 'Cate Shortland', '1/5/2020', 5, 110, 'Phim là cuộc hành trình độc lập của một trong những chiến binh xuất sắc nhất hội Avengers - Black Widow, lần này đối thủ của cô là một ác nhân bí ẩn đầy mưu mô!', 1, 'phim7.jpg', 'anhphim7.jpg', 'https://www.youtube.com/embed/ybji16u608U'),
(9, 'Lật Mặt: 48H', 16, 'Hành Động', 'Việt Nam', 'Ốc Thanh Vân, Huỳnh Đông, Mạc Văn Khoa, Võ Thành T', 'Lý Hải', '30/4/2020', 5, 103, 'Một gia đình bị truy đuổi giữa vùng sông nước. Cơ hội nào cho người đàn ông cứu lấy vợ con khỏi bọn xã hội đen máu mặt?', 1, 'phim9.png', 'anhphim4.jpg', 'https://www.youtube.com/embed/-iCBapAoAsM'),
(10, 'Vô Diện Sát Nhân', 16, 'Kinh Dị', 'Việt Nam', 'Phương Anh Đào, Hiếu Nguyễn, Oanh Kiều', 'Điền Quân', '17/4/2020', 5, 89, 'Liên tục mơ thấy bị một kẻ sát nhân không mặt mũi giết hàng đêm, cuộc sống của Phương Anh bị xáo trộn. Thế nhưng, điều kinh hoàng hơn còn xảy ra, khi tên Vô Diện Sát Nhân bước ra đời thực và truy sát cô. Hắn thực sự tồn tại hay chỉ là nỗi ám ảnh của Phương Anh?', 1, 'phim10.jpg', 'anhphim3.png', 'https://www.youtube.com/embed/8efH5QWJ334'),
(11, 'Minions: The Rise of Gru', 16, 'Hoạt Hình', 'Mỹ', 'Đang Cập Nhật', 'Kyle Balda', '3/7/2020', 5, 110, 'Minions - Những Quả Chuối Vàng biết đi sẽ trở lại trong câu chuyện chưa kể về tuổi thơ của Gru - cậu bé mười hai tuổi mơ được trở thành ác nhân xuất sắc nhất thế giới.', 1, 'phim12.jpg', 'anhphim6.jpg', 'https://www.youtube.com/embed/54yAKyNkK7w');

-- --------------------------------------------------------

--
-- Cấu trúc bảng cho bảng `phim_rap`
--

CREATE TABLE `phim_rap` (
  `id_lienket` int(11) NOT NULL,
  `idphim` int(11) NOT NULL,
  `idrap` int(11) NOT NULL
) ENGINE=InnoDB DEFAULT CHARSET=utf8mb4;

--
-- Đang đổ dữ liệu cho bảng `phim_rap`
--

INSERT INTO `phim_rap` (`id_lienket`, `idphim`, `idrap`) VALUES
(223, 1, 31),
(224, 1, 32),
(225, 2, 31),
(226, 2, 32),
(227, 3, 31),
(228, 3, 32),
(229, 4, 31),
(230, 4, 32),
(231, 5, 31),
(232, 5, 32),
(233, 6, 31),
(234, 6, 32),
(235, 7, 31),
(236, 7, 32),
(237, 8, 31),
(238, 8, 32),
(239, 9, 31),
(240, 9, 32),
(241, 10, 31),
(242, 10, 32),
(243, 11, 31),
(244, 11, 32);

-- --------------------------------------------------------

--
-- Cấu trúc bảng cho bảng `phongchieu`
--

CREATE TABLE `phongchieu` (
  `id` int(11) NOT NULL,
  `tenphong` varchar(50) NOT NULL,
  `idrap` int(11) NOT NULL
) ENGINE=InnoDB DEFAULT CHARSET=utf8mb4;

--
-- Đang đổ dữ liệu cho bảng `phongchieu`
--

INSERT INTO `phongchieu` (`id`, `tenphong`, `idrap`) VALUES
(71, 'phòng A', 31),
(72, 'phòng B', 31),
(73, 'phòng A', 32),
(74, 'phòng B', 32);

-- --------------------------------------------------------

--
-- Cấu trúc bảng cho bảng `rap`
--

CREATE TABLE `rap` (
  `id` int(11) NOT NULL,
  `tenrap` varchar(50) NOT NULL,
  `diachi` varchar(50) NOT NULL,
  `idtinhthanh` int(11) NOT NULL
) ENGINE=InnoDB DEFAULT CHARSET=utf8mb4;

--
-- Đang đổ dữ liệu cho bảng `rap`
--

INSERT INTO `rap` (`id`, `tenrap`, `diachi`, `idtinhthanh`) VALUES
(31, 'nguyễn văn A', '10 nguyen thi minh khai', 1),
(32, 'nguyễn văn B', '10 nguyen thi minh khai', 1);

-- --------------------------------------------------------

--
-- Cấu trúc bảng cho bảng `suatchieu`
--

CREATE TABLE `suatchieu` (
  `id` int(11) NOT NULL,
  `ngaychieu` date DEFAULT NULL,
  `thoigian` varchar(50) NOT NULL,
  `idphim_rap` int(11) NOT NULL,
  `idphongchieu` int(11) NOT NULL,
  `idphim` int(11) DEFAULT NULL
) ENGINE=InnoDB DEFAULT CHARSET=utf8mb4;

--
-- Đang đổ dữ liệu cho bảng `suatchieu`
--

INSERT INTO `suatchieu` (`id`, `ngaychieu`, `thoigian`, `idphim_rap`, `idphongchieu`, `idphim`) VALUES
(5686, '2020-02-23', '06:48', 223, 71, NULL),
(5687, '2020-02-23', '12:34', 223, 71, NULL),
(5688, '2020-02-23', '08:42', 223, 71, NULL),
(5689, '2020-02-23', '11:28', 223, 71, NULL),
(5690, '2020-12-08', '07:05', 223, 71, NULL),
(5691, '2020-12-08', '03:56', 223, 71, NULL),
(5692, '2020-12-08', '24:08', 223, 71, NULL),
(5693, '2020-12-08', '10:29', 223, 71, NULL),
(5694, '2020-10-31', '05:25', 223, 71, NULL),
(5695, '2020-10-31', '09:19', 223, 71, NULL),
(5696, '2020-10-31', '04:30', 223, 71, NULL),
(5697, '2020-10-31', '06:01', 223, 71, NULL),
(5702, '2020-08-25', '07:21', 223, 72, NULL),
(5703, '2020-08-25', '05:54', 223, 72, NULL),
(5704, '2020-08-25', '05:41', 223, 72, NULL),
(5705, '2020-08-25', '12:21', 223, 72, NULL),
(5706, '2020-08-30', '08:46', 223, 72, NULL),
(5707, '2020-08-30', '01:26', 223, 72, NULL),
(5708, '2020-08-30', '08:18', 223, 72, NULL),
(5709, '2020-08-30', '05:25', 223, 72, NULL),
(5710, '2020-05-30', '10:14', 223, 72, NULL),
(5711, '2020-05-30', '05:43', 223, 72, NULL),
(5712, '2020-05-30', '10:16', 223, 72, NULL),
(5713, '2020-05-30', '01:09', 223, 72, NULL),
(5714, '2020-10-30', '20:26', 223, 72, NULL),
(5715, '2020-10-30', '07:26', 223, 72, NULL),
(5716, '2020-10-30', '05:28', 223, 72, NULL),
(5717, '2020-10-30', '00:52', 223, 72, NULL),
(5718, '2020-04-17', '10:34', 224, 73, NULL),
(5719, '2020-04-17', '06:19', 224, 73, NULL),
(5720, '2020-04-17', '08:55', 224, 73, NULL),
(5721, '2020-04-17', '12:03', 224, 73, NULL),
(5722, '2020-10-27', '07:17', 224, 73, NULL),
(5723, '2020-10-27', '05:39', 224, 73, NULL),
(5724, '2020-10-27', '00:01', 224, 73, NULL),
(5725, '2020-10-27', '07:53', 224, 73, NULL),
(5726, '2020-11-10', '09:23', 224, 73, NULL),
(5727, '2020-11-10', '05:47', 224, 73, NULL),
(5728, '2020-11-10', '12:43', 224, 73, NULL),
(5729, '2020-11-10', '07:49', 224, 73, NULL),
(5730, '2020-03-30', '06:43', 224, 73, NULL),
(5731, '2020-03-30', '22:09', 224, 73, NULL),
(5732, '2020-03-30', '09:05', 224, 73, NULL),
(5733, '2020-03-30', '11:35', 224, 73, NULL),
(5734, '2020-10-23', '23:28', 224, 74, NULL),
(5735, '2020-10-23', '09:41', 224, 74, NULL),
(5736, '2020-10-23', '06:17', 224, 74, NULL),
(5737, '2020-10-23', '09:49', 224, 74, NULL),
(5738, '2020-06-14', '20:03', 224, 74, NULL),
(5739, '2020-06-14', '06:58', 224, 74, NULL),
(5740, '2020-06-14', '09:55', 224, 74, NULL),
(5741, '2020-06-14', '08:09', 224, 74, NULL),
(5742, '2020-05-27', '03:13', 224, 74, NULL),
(5743, '2020-05-27', '22:35', 224, 74, NULL),
(5744, '2020-05-27', '07:19', 224, 74, NULL),
(5745, '2020-05-27', '23:43', 224, 74, NULL),
(5746, '2020-09-19', '09:54', 224, 74, NULL),
(5747, '2020-09-19', '10:08', 224, 74, NULL),
(5748, '2020-09-19', '06:56', 224, 74, NULL),
(5749, '2020-09-19', '12:46', 224, 74, NULL),
(5750, '2020-01-26', '24:49', 225, 71, NULL),
(5751, '2020-01-26', '13:45', 225, 71, NULL),
(5752, '2020-01-26', '03:17', 225, 71, NULL),
(5753, '2020-01-26', '11:23', 225, 71, NULL),
(5754, '2020-07-19', '24:34', 225, 71, NULL),
(5755, '2020-07-19', '02:05', 225, 71, NULL),
(5756, '2020-07-19', '22:17', 225, 71, NULL),
(5757, '2020-07-19', '06:32', 225, 71, NULL),
(5758, '2020-12-06', '07:50', 225, 71, NULL),
(5759, '2020-12-06', '09:30', 225, 71, NULL),
(5760, '2020-12-06', '09:17', 225, 71, NULL),
(5761, '2020-12-06', '20:53', 225, 71, NULL),
(5762, '2020-12-12', '06:32', 225, 71, NULL),
(5763, '2020-12-12', '06:35', 225, 71, NULL),
(5764, '2020-12-12', '00:31', 225, 71, NULL),
(5765, '2020-12-12', '06:26', 225, 71, NULL),
(5766, '2020-11-05', '06:03', 225, 72, NULL),
(5767, '2020-11-05', '08:22', 225, 72, NULL),
(5768, '2020-11-05', '11:04', 225, 72, NULL),
(5769, '2020-11-05', '05:06', 225, 72, NULL),
(5770, '2020-09-18', '05:30', 225, 72, NULL),
(5771, '2020-09-18', '05:42', 225, 72, NULL),
(5772, '2020-09-18', '07:45', 225, 72, NULL),
(5773, '2020-09-18', '12:51', 225, 72, NULL),
(5774, '2020-11-11', '06:19', 225, 72, NULL),
(5775, '2020-11-11', '21:55', 225, 72, NULL),
(5776, '2020-11-11', '07:26', 225, 72, NULL),
(5777, '2020-11-11', '08:37', 225, 72, NULL),
(5778, '2020-02-23', '03:04', 225, 72, NULL),
(5779, '2020-02-23', '12:02', 225, 72, NULL),
(5780, '2020-02-23', '09:42', 225, 72, NULL),
(5781, '2020-02-23', '02:55', 225, 72, NULL),
(5782, '2020-11-07', '06:27', 226, 73, NULL),
(5783, '2020-11-07', '11:46', 226, 73, NULL),
(5784, '2020-11-07', '02:02', 226, 73, NULL),
(5785, '2020-11-07', '20:17', 226, 73, NULL),
(5786, '2020-10-15', '05:33', 226, 73, NULL),
(5787, '2020-10-15', '08:05', 226, 73, NULL),
(5788, '2020-10-15', '09:45', 226, 73, NULL),
(5789, '2020-10-15', '02:37', 226, 73, NULL),
(5790, '2020-03-31', '05:06', 226, 73, NULL),
(5791, '2020-03-31', '08:21', 226, 73, NULL),
(5792, '2020-03-31', '14:30', 226, 73, NULL),
(5793, '2020-03-31', '10:05', 226, 73, NULL),
(5794, '2020-10-14', '23:53', 226, 73, NULL),
(5795, '2020-10-14', '09:57', 226, 73, NULL),
(5796, '2020-10-14', '20:52', 226, 73, NULL),
(5797, '2020-10-14', '09:51', 226, 73, NULL),
(5798, '2020-01-26', '22:58', 226, 74, NULL),
(5799, '2020-01-26', '07:34', 226, 74, NULL),
(5800, '2020-01-26', '05:07', 226, 74, NULL),
(5801, '2020-01-26', '07:27', 226, 74, NULL),
(5802, '2020-06-05', '07:38', 226, 74, NULL),
(5803, '2020-06-05', '00:39', 226, 74, NULL),
(5804, '2020-06-05', '23:58', 226, 74, NULL),
(5805, '2020-06-05', '24:15', 226, 74, NULL),
(5806, '2020-11-08', '13:35', 226, 74, NULL),
(5807, '2020-11-08', '00:00', 226, 74, NULL),
(5808, '2020-11-08', '20:59', 226, 74, NULL),
(5809, '2020-11-08', '07:25', 226, 74, NULL),
(5814, '2020-07-30', '08:18', 227, 71, NULL),
(5815, '2020-07-30', '03:35', 227, 71, NULL),
(5816, '2020-07-30', '07:18', 227, 71, NULL),
(5817, '2020-07-30', '06:35', 227, 71, NULL),
(5818, '2020-03-04', '10:27', 227, 71, NULL),
(5819, '2020-03-04', '24:44', 227, 71, NULL),
(5820, '2020-03-04', '06:15', 227, 71, NULL),
(5821, '2020-03-04', '09:59', 227, 71, NULL),
(5822, '2020-01-31', '05:37', 227, 71, NULL),
(5823, '2020-01-31', '05:09', 227, 71, NULL),
(5824, '2020-01-31', '04:47', 227, 71, NULL),
(5825, '2020-01-31', '09:07', 227, 71, NULL),
(5826, '2020-10-28', '09:16', 227, 71, NULL),
(5827, '2020-10-28', '14:04', 227, 71, NULL),
(5828, '2020-10-28', '09:56', 227, 71, NULL),
(5829, '2020-10-28', '04:11', 227, 71, NULL),
(5830, '2020-05-12', '07:22', 227, 72, NULL),
(5831, '2020-05-12', '22:03', 227, 72, NULL),
(5832, '2020-05-12', '22:20', 227, 72, NULL),
(5833, '2020-05-12', '06:10', 227, 72, NULL),
(5834, '2020-10-12', '08:18', 227, 72, NULL),
(5835, '2020-10-12', '21:54', 227, 72, NULL),
(5836, '2020-10-12', '03:41', 227, 72, NULL),
(5837, '2020-10-12', '14:31', 227, 72, NULL),
(5838, '2020-11-28', '20:56', 227, 72, NULL),
(5839, '2020-11-28', '11:55', 227, 72, NULL),
(5840, '2020-11-28', '14:59', 227, 72, NULL),
(5841, '2020-11-28', '08:49', 227, 72, NULL),
(5842, '2020-12-16', '05:51', 227, 72, NULL),
(5843, '2020-12-16', '10:22', 227, 72, NULL),
(5844, '2020-12-16', '06:32', 227, 72, NULL),
(5845, '2020-12-16', '09:13', 227, 72, NULL),
(5846, '2020-09-30', '07:28', 228, 73, NULL),
(5847, '2020-09-30', '20:45', 228, 73, NULL),
(5848, '2020-09-30', '06:06', 228, 73, NULL),
(5849, '2020-09-30', '05:46', 228, 73, NULL),
(5850, '2020-01-18', '22:17', 228, 73, NULL),
(5851, '2020-01-18', '06:51', 228, 73, NULL),
(5852, '2020-01-18', '21:03', 228, 73, NULL),
(5853, '2020-01-18', '14:35', 228, 73, NULL),
(5854, '2020-07-31', '06:52', 228, 73, NULL),
(5855, '2020-07-31', '07:14', 228, 73, NULL),
(5856, '2020-07-31', '22:30', 228, 73, NULL),
(5857, '2020-07-31', '01:16', 228, 73, NULL),
(5858, '2020-10-16', '07:04', 228, 73, NULL),
(5859, '2020-10-16', '13:01', 228, 73, NULL),
(5860, '2020-10-16', '06:37', 228, 73, NULL),
(5861, '2020-10-16', '07:57', 228, 73, NULL),
(5862, '2020-04-19', '00:51', 228, 74, NULL),
(5863, '2020-04-19', '02:22', 228, 74, NULL),
(5864, '2020-04-19', '01:35', 228, 74, NULL),
(5865, '2020-04-19', '09:03', 228, 74, NULL),
(5866, '2020-07-29', '10:42', 228, 74, NULL),
(5867, '2020-07-29', '09:16', 228, 74, NULL),
(5868, '2020-07-29', '08:59', 228, 74, NULL),
(5869, '2020-07-29', '02:09', 228, 74, NULL),
(5870, '2020-10-08', '08:18', 228, 74, NULL),
(5871, '2020-10-08', '09:40', 228, 74, NULL),
(5872, '2020-10-08', '05:26', 228, 74, NULL),
(5873, '2020-10-08', '11:16', 228, 74, NULL),
(5878, '2020-06-11', '06:37', 229, 71, NULL),
(5879, '2020-06-11', '07:18', 229, 71, NULL),
(5880, '2020-06-11', '06:20', 229, 71, NULL),
(5881, '2020-06-11', '05:18', 229, 71, NULL),
(5886, '2020-10-08', '05:02', 229, 71, NULL),
(5887, '2020-10-08', '08:04', 229, 71, NULL),
(5888, '2020-10-08', '05:59', 229, 71, NULL),
(5889, '2020-10-08', '13:31', 229, 71, NULL),
(5890, '2020-09-05', '07:31', 229, 71, NULL),
(5891, '2020-09-05', '22:05', 229, 71, NULL),
(5892, '2020-09-05', '13:33', 229, 71, NULL),
(5893, '2020-09-05', '02:34', 229, 71, NULL),
(5894, '2020-10-05', '05:12', 229, 72, NULL),
(5895, '2020-10-05', '09:49', 229, 72, NULL),
(5896, '2020-10-05', '12:54', 229, 72, NULL),
(5897, '2020-10-05', '12:49', 229, 72, NULL),
(5902, '2020-02-01', '02:14', 229, 72, NULL),
(5903, '2020-02-01', '09:45', 229, 72, NULL),
(5904, '2020-02-01', '08:46', 229, 72, NULL),
(5905, '2020-02-01', '08:00', 229, 72, NULL),
(5906, '2020-06-18', '11:21', 229, 72, NULL),
(5907, '2020-06-18', '05:49', 229, 72, NULL),
(5908, '2020-06-18', '12:19', 229, 72, NULL),
(5909, '2020-06-18', '05:15', 229, 72, NULL),
(5910, '2020-02-29', '11:25', 230, 73, NULL),
(5911, '2020-02-29', '07:13', 230, 73, NULL),
(5912, '2020-02-29', '07:46', 230, 73, NULL),
(5913, '2020-02-29', '07:15', 230, 73, NULL),
(5914, '2020-10-25', '06:39', 230, 73, NULL),
(5915, '2020-10-25', '05:19', 230, 73, NULL),
(5916, '2020-10-25', '11:46', 230, 73, NULL),
(5917, '2020-10-25', '03:53', 230, 73, NULL),
(5918, '2020-11-14', '08:23', 230, 73, NULL),
(5919, '2020-11-14', '04:04', 230, 73, NULL),
(5920, '2020-11-14', '10:41', 230, 73, NULL),
(5921, '2020-11-14', '06:06', 230, 73, NULL),
(5922, '2020-10-24', '00:43', 230, 73, NULL),
(5923, '2020-10-24', '12:57', 230, 73, NULL),
(5924, '2020-10-24', '10:49', 230, 73, NULL),
(5925, '2020-10-24', '07:30', 230, 73, NULL),
(5926, '2020-06-29', '05:57', 230, 74, NULL),
(5927, '2020-06-29', '08:40', 230, 74, NULL),
(5928, '2020-06-29', '11:45', 230, 74, NULL),
(5929, '2020-06-29', '13:45', 230, 74, NULL),
(5930, '2020-10-14', '14:14', 230, 74, NULL),
(5931, '2020-10-14', '21:36', 230, 74, NULL),
(5932, '2020-10-14', '24:36', 230, 74, NULL),
(5933, '2020-10-14', '08:59', 230, 74, NULL),
(5934, '2020-12-15', '03:46', 230, 74, NULL),
(5935, '2020-12-15', '03:17', 230, 74, NULL),
(5936, '2020-12-15', '06:01', 230, 74, NULL),
(5937, '2020-12-15', '07:50', 230, 74, NULL),
(5938, '2020-09-07', '02:55', 230, 74, NULL),
(5939, '2020-09-07', '08:40', 230, 74, NULL),
(5940, '2020-09-07', '00:13', 230, 74, NULL),
(5941, '2020-09-07', '07:20', 230, 74, NULL),
(5942, '2020-04-15', '00:08', 231, 71, NULL),
(5943, '2020-04-15', '05:43', 231, 71, NULL),
(5944, '2020-04-15', '14:32', 231, 71, NULL),
(5945, '2020-04-15', '00:58', 231, 71, NULL),
(5946, '2020-11-16', '06:03', 231, 71, NULL),
(5947, '2020-11-16', '08:59', 231, 71, NULL),
(5948, '2020-11-16', '08:42', 231, 71, NULL),
(5949, '2020-11-16', '01:53', 231, 71, NULL),
(5950, '2020-12-11', '07:08', 231, 71, NULL),
(5951, '2020-12-11', '08:53', 231, 71, NULL),
(5952, '2020-12-11', '11:16', 231, 71, NULL),
(5953, '2020-12-11', '05:41', 231, 71, NULL),
(5954, '2020-03-21', '08:49', 231, 71, NULL),
(5955, '2020-03-21', '14:04', 231, 71, NULL),
(5956, '2020-03-21', '08:55', 231, 71, NULL),
(5957, '2020-03-21', '07:50', 231, 71, NULL),
(5958, '2020-07-25', '08:55', 231, 72, NULL),
(5959, '2020-07-25', '09:52', 231, 72, NULL),
(5960, '2020-07-25', '21:22', 231, 72, NULL),
(5961, '2020-07-25', '02:29', 231, 72, NULL),
(5966, '2020-12-10', '14:34', 231, 72, NULL),
(5967, '2020-12-10', '20:57', 231, 72, NULL),
(5968, '2020-12-10', '07:41', 231, 72, NULL),
(5969, '2020-12-10', '12:44', 231, 72, NULL),
(5970, '2020-02-10', '23:48', 231, 72, NULL),
(5971, '2020-02-10', '08:07', 231, 72, NULL),
(5972, '2020-02-10', '06:21', 231, 72, NULL),
(5973, '2020-02-10', '20:18', 231, 72, NULL),
(5974, '2020-04-30', '07:43', 232, 73, NULL),
(5975, '2020-04-30', '06:58', 232, 73, NULL),
(5976, '2020-04-30', '02:26', 232, 73, NULL),
(5977, '2020-04-30', '20:55', 232, 73, NULL),
(5978, '2020-12-31', '10:20', 232, 73, NULL),
(5979, '2020-12-31', '08:40', 232, 73, NULL),
(5980, '2020-12-31', '05:20', 232, 73, NULL),
(5981, '2020-12-31', '06:31', 232, 73, NULL),
(5982, '2020-08-02', '05:51', 232, 73, NULL),
(5983, '2020-08-02', '01:16', 232, 73, NULL),
(5984, '2020-08-02', '21:17', 232, 73, NULL),
(5985, '2020-08-02', '07:25', 232, 73, NULL),
(5990, '2020-01-09', '05:52', 232, 74, NULL),
(5991, '2020-01-09', '08:15', 232, 74, NULL),
(5992, '2020-01-09', '24:31', 232, 74, NULL),
(5993, '2020-01-09', '08:53', 232, 74, NULL),
(5998, '2020-11-14', '12:58', 232, 74, NULL),
(5999, '2020-11-14', '04:16', 232, 74, NULL),
(6000, '2020-11-14', '05:06', 232, 74, NULL),
(6001, '2020-11-14', '08:36', 232, 74, NULL),
(6002, '2020-11-17', '01:20', 232, 74, NULL),
(6003, '2020-11-17', '14:32', 232, 74, NULL),
(6004, '2020-11-17', '24:35', 232, 74, NULL),
(6005, '2020-11-17', '13:56', 232, 74, NULL),
(6006, '2020-04-29', '07:01', 233, 71, NULL),
(6007, '2020-04-29', '21:14', 233, 71, NULL),
(6008, '2020-04-29', '06:38', 233, 71, NULL),
(6009, '2020-04-29', '20:23', 233, 71, NULL),
(6010, '2020-10-31', '09:38', 233, 71, NULL),
(6011, '2020-10-31', '09:29', 233, 71, NULL),
(6012, '2020-10-31', '08:50', 233, 71, NULL),
(6013, '2020-10-31', '05:40', 233, 71, NULL),
(6014, '2020-06-30', '07:41', 233, 71, NULL),
(6015, '2020-06-30', '03:31', 233, 71, NULL),
(6016, '2020-06-30', '14:49', 233, 71, NULL),
(6017, '2020-06-30', '14:46', 233, 71, NULL),
(6018, '2020-10-07', '09:36', 233, 71, NULL),
(6019, '2020-10-07', '06:39', 233, 71, NULL),
(6020, '2020-10-07', '00:29', 233, 71, NULL),
(6021, '2020-10-07', '02:09', 233, 71, NULL),
(6022, '2020-12-01', '06:47', 233, 72, NULL),
(6023, '2020-12-01', '11:48', 233, 72, NULL),
(6024, '2020-12-01', '06:45', 233, 72, NULL),
(6025, '2020-12-01', '22:19', 233, 72, NULL),
(6026, '2020-10-02', '14:39', 233, 72, NULL),
(6027, '2020-10-02', '23:34', 233, 72, NULL),
(6028, '2020-10-02', '05:27', 233, 72, NULL),
(6029, '2020-10-02', '21:51', 233, 72, NULL),
(6030, '2020-10-30', '20:31', 233, 72, NULL),
(6031, '2020-10-30', '04:05', 233, 72, NULL),
(6032, '2020-10-30', '22:45', 233, 72, NULL),
(6033, '2020-10-30', '10:48', 233, 72, NULL),
(6034, '2020-11-03', '05:32', 233, 72, NULL),
(6035, '2020-11-03', '08:20', 233, 72, NULL),
(6036, '2020-11-03', '20:06', 233, 72, NULL),
(6037, '2020-11-03', '24:14', 233, 72, NULL),
(6038, '2020-12-30', '10:09', 234, 73, NULL),
(6039, '2020-12-30', '05:02', 234, 73, NULL),
(6040, '2020-12-30', '00:28', 234, 73, NULL),
(6041, '2020-12-30', '05:29', 234, 73, NULL),
(6042, '2020-10-14', '08:50', 234, 73, NULL),
(6043, '2020-10-14', '14:41', 234, 73, NULL),
(6044, '2020-10-14', '00:05', 234, 73, NULL),
(6045, '2020-10-14', '04:47', 234, 73, NULL),
(6050, '2020-11-17', '09:04', 234, 73, NULL),
(6051, '2020-11-17', '06:48', 234, 73, NULL),
(6052, '2020-11-17', '14:39', 234, 73, NULL),
(6053, '2020-11-17', '07:47', 234, 73, NULL),
(6054, '2020-08-24', '10:58', 234, 74, NULL),
(6055, '2020-08-24', '06:48', 234, 74, NULL),
(6056, '2020-08-24', '03:43', 234, 74, NULL),
(6057, '2020-08-24', '05:32', 234, 74, NULL),
(6058, '2020-09-21', '03:47', 234, 74, NULL),
(6059, '2020-09-21', '08:15', 234, 74, NULL),
(6060, '2020-09-21', '00:58', 234, 74, NULL),
(6061, '2020-09-21', '02:42', 234, 74, NULL),
(6062, '2020-10-10', '07:03', 234, 74, NULL),
(6063, '2020-10-10', '05:19', 234, 74, NULL),
(6064, '2020-10-10', '21:46', 234, 74, NULL),
(6065, '2020-10-10', '09:58', 234, 74, NULL),
(6066, '2020-07-30', '09:27', 234, 74, NULL),
(6067, '2020-07-30', '09:27', 234, 74, NULL),
(6068, '2020-07-30', '10:34', 234, 74, NULL),
(6069, '2020-07-30', '06:23', 234, 74, NULL),
(6070, '2020-07-04', '06:06', 235, 71, NULL),
(6071, '2020-07-04', '07:20', 235, 71, NULL),
(6072, '2020-07-04', '05:46', 235, 71, NULL),
(6073, '2020-07-04', '06:25', 235, 71, NULL),
(6074, '2020-11-19', '14:35', 235, 71, NULL),
(6075, '2020-11-19', '01:23', 235, 71, NULL),
(6076, '2020-11-19', '05:57', 235, 71, NULL),
(6077, '2020-11-19', '21:13', 235, 71, NULL),
(6078, '2020-03-04', '02:14', 235, 71, NULL),
(6079, '2020-03-04', '05:31', 235, 71, NULL),
(6080, '2020-03-04', '21:04', 235, 71, NULL),
(6081, '2020-03-04', '09:37', 235, 71, NULL),
(6082, '2020-11-02', '22:47', 235, 71, NULL),
(6083, '2020-11-02', '22:34', 235, 71, NULL),
(6084, '2020-11-02', '08:12', 235, 71, NULL),
(6085, '2020-11-02', '24:59', 235, 71, NULL),
(6090, '2020-07-05', '24:12', 235, 72, NULL),
(6091, '2020-07-05', '23:14', 235, 72, NULL),
(6092, '2020-07-05', '20:16', 235, 72, NULL),
(6093, '2020-07-05', '12:25', 235, 72, NULL),
(6094, '2020-11-13', '07:09', 235, 72, NULL),
(6095, '2020-11-13', '03:42', 235, 72, NULL),
(6096, '2020-11-13', '21:41', 235, 72, NULL),
(6097, '2020-11-13', '22:19', 235, 72, NULL),
(6098, '2020-08-30', '23:23', 235, 72, NULL),
(6099, '2020-08-30', '20:44', 235, 72, NULL),
(6100, '2020-08-30', '04:58', 235, 72, NULL),
(6101, '2020-08-30', '11:17', 235, 72, NULL),
(6102, '2020-10-30', '12:53', 236, 73, NULL),
(6103, '2020-10-30', '23:33', 236, 73, NULL),
(6104, '2020-10-30', '03:19', 236, 73, NULL),
(6105, '2020-10-30', '05:13', 236, 73, NULL),
(6106, '2020-11-09', '08:28', 236, 73, NULL),
(6107, '2020-11-09', '07:47', 236, 73, NULL),
(6108, '2020-11-09', '00:36', 236, 73, NULL),
(6109, '2020-11-09', '21:29', 236, 73, NULL),
(6110, '2020-10-31', '13:22', 236, 73, NULL),
(6111, '2020-10-31', '10:52', 236, 73, NULL),
(6112, '2020-10-31', '10:11', 236, 73, NULL),
(6113, '2020-10-31', '01:38', 236, 73, NULL),
(6114, '2020-12-24', '24:12', 236, 73, NULL),
(6115, '2020-12-24', '00:22', 236, 73, NULL),
(6116, '2020-12-24', '05:09', 236, 73, NULL),
(6117, '2020-12-24', '03:23', 236, 73, NULL),
(6118, '2020-01-26', '06:45', 236, 74, NULL),
(6119, '2020-01-26', '12:41', 236, 74, NULL),
(6120, '2020-01-26', '13:27', 236, 74, NULL),
(6121, '2020-01-26', '07:05', 236, 74, NULL),
(6122, '2020-04-05', '21:03', 236, 74, NULL),
(6123, '2020-04-05', '08:17', 236, 74, NULL),
(6124, '2020-04-05', '21:26', 236, 74, NULL),
(6125, '2020-04-05', '05:18', 236, 74, NULL),
(6126, '2020-05-31', '07:04', 236, 74, NULL),
(6127, '2020-05-31', '06:01', 236, 74, NULL),
(6128, '2020-05-31', '20:31', 236, 74, NULL),
(6129, '2020-05-31', '13:32', 236, 74, NULL),
(6130, '2020-12-10', '07:19', 236, 74, NULL),
(6131, '2020-12-10', '02:52', 236, 74, NULL),
(6132, '2020-12-10', '07:19', 236, 74, NULL),
(6133, '2020-12-10', '08:58', 236, 74, NULL),
(6134, '2020-11-22', '05:55', 237, 71, NULL),
(6135, '2020-11-22', '01:05', 237, 71, NULL),
(6136, '2020-11-22', '08:23', 237, 71, NULL),
(6137, '2020-11-22', '21:49', 237, 71, NULL),
(6138, '2020-11-25', '00:12', 237, 71, NULL),
(6139, '2020-11-25', '02:50', 237, 71, NULL),
(6140, '2020-11-25', '21:26', 237, 71, NULL),
(6141, '2020-11-25', '13:37', 237, 71, NULL),
(6142, '2020-04-08', '13:45', 237, 71, NULL),
(6143, '2020-04-08', '05:02', 237, 71, NULL),
(6144, '2020-04-08', '07:48', 237, 71, NULL),
(6145, '2020-04-08', '09:16', 237, 71, NULL),
(6146, '2020-10-18', '08:13', 237, 71, NULL),
(6147, '2020-10-18', '11:07', 237, 71, NULL),
(6148, '2020-10-18', '07:10', 237, 71, NULL),
(6149, '2020-10-18', '07:39', 237, 71, NULL),
(6150, '2020-11-12', '21:27', 237, 72, NULL),
(6151, '2020-11-12', '07:19', 237, 72, NULL),
(6152, '2020-11-12', '24:17', 237, 72, NULL),
(6153, '2020-11-12', '08:52', 237, 72, NULL),
(6154, '2020-10-31', '10:39', 237, 72, NULL),
(6155, '2020-10-31', '05:53', 237, 72, NULL),
(6156, '2020-10-31', '07:21', 237, 72, NULL),
(6157, '2020-10-31', '02:32', 237, 72, NULL),
(6158, '2020-03-30', '08:32', 237, 72, NULL),
(6159, '2020-03-30', '09:24', 237, 72, NULL),
(6160, '2020-03-30', '05:01', 237, 72, NULL),
(6161, '2020-03-30', '07:32', 237, 72, NULL),
(6162, '2020-10-18', '11:21', 237, 72, NULL),
(6163, '2020-10-18', '01:22', 237, 72, NULL),
(6164, '2020-10-18', '14:11', 237, 72, NULL),
(6165, '2020-10-18', '05:02', 237, 72, NULL),
(6166, '2020-11-30', '08:24', 238, 73, NULL),
(6167, '2020-11-30', '09:23', 238, 73, NULL),
(6168, '2020-11-30', '03:49', 238, 73, NULL),
(6169, '2020-11-30', '03:01', 238, 73, NULL),
(6174, '2020-10-07', '23:23', 238, 73, NULL),
(6175, '2020-10-07', '09:22', 238, 73, NULL),
(6176, '2020-10-07', '08:24', 238, 73, NULL),
(6177, '2020-10-07', '24:47', 238, 73, NULL),
(6178, '2020-12-21', '07:10', 238, 73, NULL),
(6179, '2020-12-21', '02:31', 238, 73, NULL),
(6180, '2020-12-21', '07:35', 238, 73, NULL),
(6181, '2020-12-21', '08:45', 238, 73, NULL),
(6182, '2020-12-28', '09:40', 238, 74, NULL),
(6183, '2020-12-28', '08:26', 238, 74, NULL),
(6184, '2020-12-28', '06:53', 238, 74, NULL),
(6185, '2020-12-28', '24:12', 238, 74, NULL),
(6186, '2020-04-30', '05:04', 238, 74, NULL),
(6187, '2020-04-30', '04:34', 238, 74, NULL),
(6188, '2020-04-30', '08:10', 238, 74, NULL),
(6189, '2020-04-30', '08:45', 238, 74, NULL),
(6190, '2020-10-09', '07:45', 238, 74, NULL),
(6191, '2020-10-09', '08:14', 238, 74, NULL),
(6192, '2020-10-09', '08:26', 238, 74, NULL),
(6193, '2020-10-09', '05:05', 238, 74, NULL),
(6194, '2020-05-28', '09:13', 238, 74, NULL),
(6195, '2020-05-28', '24:58', 238, 74, NULL),
(6196, '2020-05-28', '00:06', 238, 74, NULL),
(6197, '2020-05-28', '05:22', 238, 74, NULL),
(6198, '2020-11-05', '06:16', 239, 71, NULL),
(6199, '2020-11-05', '24:56', 239, 71, NULL),
(6200, '2020-11-05', '01:42', 239, 71, NULL),
(6201, '2020-11-05', '08:18', 239, 71, NULL),
(6202, '2020-08-31', '05:33', 239, 71, NULL),
(6203, '2020-08-31', '23:09', 239, 71, NULL),
(6204, '2020-08-31', '01:58', 239, 71, NULL),
(6205, '2020-08-31', '23:52', 239, 71, NULL),
(6206, '2020-11-30', '08:49', 239, 71, NULL),
(6207, '2020-11-30', '04:15', 239, 71, NULL),
(6208, '2020-11-30', '23:51', 239, 71, NULL),
(6209, '2020-11-30', '22:45', 239, 71, NULL),
(6210, '2020-02-10', '20:49', 239, 71, NULL),
(6211, '2020-02-10', '06:14', 239, 71, NULL),
(6212, '2020-02-10', '04:16', 239, 71, NULL),
(6213, '2020-02-10', '00:22', 239, 71, NULL),
(6214, '2020-10-30', '20:49', 239, 72, NULL),
(6215, '2020-10-30', '06:33', 239, 72, NULL),
(6216, '2020-10-30', '04:58', 239, 72, NULL),
(6217, '2020-10-30', '08:27', 239, 72, NULL),
(6218, '2020-10-09', '08:16', 239, 72, NULL),
(6219, '2020-10-09', '09:48', 239, 72, NULL),
(6220, '2020-10-09', '06:20', 239, 72, NULL),
(6221, '2020-10-09', '05:34', 239, 72, NULL),
(6222, '2020-10-07', '03:44', 239, 72, NULL),
(6223, '2020-10-07', '05:58', 239, 72, NULL),
(6224, '2020-10-07', '10:09', 239, 72, NULL),
(6225, '2020-10-07', '05:27', 239, 72, NULL),
(6226, '2020-07-31', '06:48', 239, 72, NULL),
(6227, '2020-07-31', '08:32', 239, 72, NULL),
(6228, '2020-07-31', '05:29', 239, 72, NULL),
(6229, '2020-07-31', '00:30', 239, 72, NULL),
(6230, '2020-12-21', '21:21', 240, 73, NULL),
(6231, '2020-12-21', '22:32', 240, 73, NULL),
(6232, '2020-12-21', '01:36', 240, 73, NULL),
(6233, '2020-12-21', '07:12', 240, 73, NULL),
(6234, '2020-11-11', '07:21', 240, 73, NULL),
(6235, '2020-11-11', '14:31', 240, 73, NULL),
(6236, '2020-11-11', '00:48', 240, 73, NULL),
(6237, '2020-11-11', '05:14', 240, 73, NULL),
(6238, '2020-02-01', '06:59', 240, 73, NULL),
(6239, '2020-02-01', '09:06', 240, 73, NULL),
(6240, '2020-02-01', '05:46', 240, 73, NULL),
(6241, '2020-02-01', '07:53', 240, 73, NULL),
(6242, '2020-11-30', '08:14', 240, 73, NULL),
(6243, '2020-11-30', '22:35', 240, 73, NULL),
(6244, '2020-11-30', '06:56', 240, 73, NULL),
(6245, '2020-11-30', '08:09', 240, 73, NULL),
(6246, '2020-08-25', '06:17', 240, 74, NULL),
(6247, '2020-08-25', '05:32', 240, 74, NULL),
(6248, '2020-08-25', '06:28', 240, 74, NULL),
(6249, '2020-08-25', '06:40', 240, 74, NULL),
(6250, '2020-08-08', '13:14', 240, 74, NULL),
(6251, '2020-08-08', '07:21', 240, 74, NULL),
(6252, '2020-08-08', '09:25', 240, 74, NULL),
(6253, '2020-08-08', '09:14', 240, 74, NULL),
(6254, '2020-09-19', '07:04', 240, 74, NULL),
(6255, '2020-09-19', '01:25', 240, 74, NULL),
(6256, '2020-09-19', '23:26', 240, 74, NULL),
(6257, '2020-09-19', '21:45', 240, 74, NULL),
(6258, '2020-12-15', '05:28', 240, 74, NULL),
(6259, '2020-12-15', '05:21', 240, 74, NULL),
(6260, '2020-12-15', '06:14', 240, 74, NULL),
(6261, '2020-12-15', '22:25', 240, 74, NULL),
(6262, '2020-12-31', '20:47', 241, 71, NULL),
(6263, '2020-12-31', '23:01', 241, 71, NULL),
(6264, '2020-12-31', '11:34', 241, 71, NULL),
(6265, '2020-12-31', '06:24', 241, 71, NULL),
(6266, '2020-02-17', '07:42', 241, 71, NULL),
(6267, '2020-02-17', '23:15', 241, 71, NULL),
(6268, '2020-02-17', '22:18', 241, 71, NULL),
(6269, '2020-02-17', '14:21', 241, 71, NULL),
(6270, '2020-10-27', '24:07', 241, 71, NULL),
(6271, '2020-10-27', '21:25', 241, 71, NULL),
(6272, '2020-10-27', '07:30', 241, 71, NULL),
(6273, '2020-10-27', '00:46', 241, 71, NULL),
(6274, '2020-11-08', '08:37', 241, 71, NULL),
(6275, '2020-11-08', '05:20', 241, 71, NULL),
(6276, '2020-11-08', '24:43', 241, 71, NULL),
(6277, '2020-11-08', '09:41', 241, 71, NULL),
(6278, '2020-07-03', '07:32', 241, 72, NULL),
(6279, '2020-07-03', '05:29', 241, 72, NULL),
(6280, '2020-07-03', '08:15', 241, 72, NULL),
(6281, '2020-07-03', '00:32', 241, 72, NULL),
(6282, '2020-06-04', '10:46', 241, 72, NULL),
(6283, '2020-06-04', '06:41', 241, 72, NULL),
(6284, '2020-06-04', '02:27', 241, 72, NULL),
(6285, '2020-06-04', '06:26', 241, 72, NULL),
(6286, '2020-10-31', '01:26', 241, 72, NULL),
(6287, '2020-10-31', '06:10', 241, 72, NULL),
(6288, '2020-10-31', '21:21', 241, 72, NULL),
(6289, '2020-10-31', '08:31', 241, 72, NULL),
(6290, '2020-01-11', '06:07', 241, 72, NULL),
(6291, '2020-01-11', '05:26', 241, 72, NULL),
(6292, '2020-01-11', '09:51', 241, 72, NULL),
(6293, '2020-01-11', '08:50', 241, 72, NULL),
(6294, '2020-10-14', '00:49', 242, 73, NULL),
(6295, '2020-10-14', '09:27', 242, 73, NULL),
(6296, '2020-10-14', '06:15', 242, 73, NULL),
(6297, '2020-10-14', '09:50', 242, 73, NULL),
(6298, '2020-03-30', '07:15', 242, 73, NULL),
(6299, '2020-03-30', '05:36', 242, 73, NULL),
(6300, '2020-03-30', '00:28', 242, 73, NULL),
(6301, '2020-03-30', '22:19', 242, 73, NULL),
(6306, '2020-12-06', '20:33', 242, 73, NULL),
(6307, '2020-12-06', '01:32', 242, 73, NULL),
(6308, '2020-12-06', '23:36', 242, 73, NULL),
(6309, '2020-12-06', '24:04', 242, 73, NULL),
(6310, '2020-06-30', '07:22', 242, 74, NULL),
(6311, '2020-06-30', '22:47', 242, 74, NULL),
(6312, '2020-06-30', '05:55', 242, 74, NULL),
(6313, '2020-06-30', '05:28', 242, 74, NULL),
(6314, '2020-04-04', '11:41', 242, 74, NULL),
(6315, '2020-04-04', '05:23', 242, 74, NULL),
(6316, '2020-04-04', '07:06', 242, 74, NULL),
(6317, '2020-04-04', '06:58', 242, 74, NULL),
(6318, '2020-08-19', '12:23', 242, 74, NULL),
(6319, '2020-08-19', '05:15', 242, 74, NULL),
(6320, '2020-08-19', '09:33', 242, 74, NULL),
(6321, '2020-08-19', '12:08', 242, 74, NULL),
(6322, '2020-10-11', '11:11', 242, 74, NULL),
(6323, '2020-10-11', '11:36', 242, 74, NULL),
(6324, '2020-10-11', '03:54', 242, 74, NULL),
(6325, '2020-10-11', '06:44', 242, 74, NULL),
(6326, '2020-04-20', '05:02', 243, 71, NULL),
(6327, '2020-04-20', '07:50', 243, 71, NULL),
(6328, '2020-04-20', '07:19', 243, 71, NULL),
(6329, '2020-04-20', '10:15', 243, 71, NULL),
(6330, '2020-12-31', '20:35', 243, 71, NULL),
(6331, '2020-12-31', '02:11', 243, 71, NULL),
(6332, '2020-12-31', '00:07', 243, 71, NULL),
(6333, '2020-12-31', '13:54', 243, 71, NULL),
(6334, '2020-01-18', '20:23', 243, 71, NULL),
(6335, '2020-01-18', '14:15', 243, 71, NULL),
(6336, '2020-01-18', '07:02', 243, 71, NULL),
(6337, '2020-01-18', '09:09', 243, 71, NULL),
(6338, '2020-01-02', '07:29', 243, 71, NULL),
(6339, '2020-01-02', '06:08', 243, 71, NULL),
(6340, '2020-01-02', '04:49', 243, 71, NULL),
(6341, '2020-01-02', '07:41', 243, 71, NULL),
(6342, '2020-10-30', '08:07', 243, 72, NULL),
(6343, '2020-10-30', '23:08', 243, 72, NULL),
(6344, '2020-10-30', '05:31', 243, 72, NULL),
(6345, '2020-10-30', '22:38', 243, 72, NULL),
(6346, '2020-01-31', '13:37', 243, 72, NULL),
(6347, '2020-01-31', '08:11', 243, 72, NULL),
(6348, '2020-01-31', '11:57', 243, 72, NULL),
(6349, '2020-01-31', '13:36', 243, 72, NULL),
(6350, '2020-10-31', '08:28', 243, 72, NULL),
(6351, '2020-10-31', '09:55', 243, 72, NULL),
(6352, '2020-10-31', '10:31', 243, 72, NULL),
(6353, '2020-10-31', '06:05', 243, 72, NULL),
(6354, '2020-05-31', '05:27', 243, 72, NULL),
(6355, '2020-05-31', '05:03', 243, 72, NULL),
(6356, '2020-05-31', '02:45', 243, 72, NULL),
(6357, '2020-05-31', '08:08', 243, 72, NULL),
(6358, '2020-05-30', '24:19', 244, 73, NULL),
(6359, '2020-05-30', '05:01', 244, 73, NULL),
(6360, '2020-05-30', '07:34', 244, 73, NULL),
(6361, '2020-05-30', '00:26', 244, 73, NULL),
(6362, '2020-03-07', '08:17', 244, 73, NULL),
(6363, '2020-03-07', '14:11', 244, 73, NULL),
(6364, '2020-03-07', '08:53', 244, 73, NULL),
(6365, '2020-03-07', '05:33', 244, 73, NULL),
(6370, '2020-12-05', '12:36', 244, 73, NULL),
(6371, '2020-12-05', '14:11', 244, 73, NULL),
(6372, '2020-12-05', '06:44', 244, 73, NULL),
(6373, '2020-12-05', '06:48', 244, 73, NULL),
(6374, '2020-12-16', '08:35', 244, 74, NULL),
(6375, '2020-12-16', '05:19', 244, 74, NULL),
(6376, '2020-12-16', '07:33', 244, 74, NULL),
(6377, '2020-12-16', '03:54', 244, 74, NULL),
(6378, '2020-07-29', '04:38', 244, 74, NULL),
(6379, '2020-07-29', '07:21', 244, 74, NULL),
(6380, '2020-07-29', '02:36', 244, 74, NULL),
(6381, '2020-07-29', '10:00', 244, 74, NULL),
(6382, '2020-10-06', '08:10', 244, 74, NULL),
(6383, '2020-10-06', '08:11', 244, 74, NULL),
(6384, '2020-10-06', '04:30', 244, 74, NULL),
(6385, '2020-10-06', '09:02', 244, 74, NULL),
(6386, '2020-12-13', '08:23', 244, 74, NULL),
(6387, '2020-12-13', '04:59', 244, 74, NULL),
(6388, '2020-12-13', '14:49', 244, 74, NULL),
(6389, '2020-12-13', '08:10', 244, 74, NULL);

-- --------------------------------------------------------

--
-- Cấu trúc bảng cho bảng `thanhtoan`
--

CREATE TABLE `thanhtoan` (
  `id` int(11) NOT NULL,
  `phim` varchar(50) DEFAULT NULL,
  `rap` varchar(50) DEFAULT NULL,
  `suatchieu` varchar(50) DEFAULT NULL,
  `phongchieu` varchar(50) DEFAULT NULL,
  `ghe` varchar(50) DEFAULT NULL,
  `giave` varchar(50) DEFAULT NULL,
  `idphim` int(11) DEFAULT NULL,
  `idrap` int(11) DEFAULT NULL,
  `idsuatchieu` int(11) DEFAULT NULL,
  `idphongchieu` int(11) DEFAULT NULL,
  `idhangghe` int(11) DEFAULT NULL,
  `idghe` int(11) DEFAULT NULL,
  `iduser` int(11) DEFAULT NULL
) ENGINE=InnoDB DEFAULT CHARSET=utf8mb4;

--
-- Đang đổ dữ liệu cho bảng `thanhtoan`
--

INSERT INTO `thanhtoan` (`id`, `phim`, `rap`, `suatchieu`, `phongchieu`, `ghe`, `giave`, `idphim`, `idrap`, `idsuatchieu`, `idphongchieu`, `idhangghe`, `idghe`, `iduser`) VALUES
(29, NULL, NULL, NULL, 'phòng B', NULL, NULL, 5, 31, 5972, 72, NULL, NULL, 43);

-- --------------------------------------------------------

--
-- Cấu trúc bảng cho bảng `tinhthanh`
--

CREATE TABLE `tinhthanh` (
  `id` int(11) NOT NULL,
  `tentinhthanh` varchar(50) NOT NULL
) ENGINE=InnoDB DEFAULT CHARSET=utf8mb4;

--
-- Đang đổ dữ liệu cho bảng `tinhthanh`
--

INSERT INTO `tinhthanh` (`id`, `tentinhthanh`) VALUES
(1, 'tphcm');

-- --------------------------------------------------------

--
-- Cấu trúc bảng cho bảng `trangthai_ghe`
--

CREATE TABLE `trangthai_ghe` (
  `id` int(11) NOT NULL,
  `trangthai` int(11) NOT NULL,
  `ghe` int(11) NOT NULL,
  `idhangghe` int(11) NOT NULL,
  `idsuatchieu` int(11) DEFAULT NULL,
  `idphim` int(11) DEFAULT NULL
) ENGINE=InnoDB DEFAULT CHARSET=utf8mb4;

--
-- Đang đổ dữ liệu cho bảng `trangthai_ghe`
--

INSERT INTO `trangthai_ghe` (`id`, `trangthai`, `ghe`, `idhangghe`, `idsuatchieu`, `idphim`) VALUES
(251663, 0, 1, 219, 5686, NULL),
(251664, 0, 1, 219, 5687, NULL),
(251665, 0, 1, 219, 5688, NULL),
(251666, 0, 1, 219, 5689, NULL),
(251667, 0, 1, 219, 5690, NULL),
(251668, 0, 1, 219, 5691, NULL),
(251669, 0, 1, 219, 5692, NULL),
(251670, 0, 1, 219, 5693, NULL),
(251671, 0, 1, 219, 5694, NULL),
(251672, 0, 1, 219, 5695, NULL),
(251673, 0, 1, 219, 5696, NULL),
(251674, 0, 1, 219, 5697, NULL),
(251679, 0, 1, 219, 5702, NULL),
(251680, 0, 1, 220, 5702, NULL),
(251682, 0, 1, 219, 5703, NULL),
(251683, 0, 1, 220, 5703, NULL),
(251685, 0, 1, 219, 5704, NULL),
(251686, 0, 1, 220, 5704, NULL),
(251688, 0, 1, 219, 5705, NULL),
(251689, 0, 1, 220, 5705, NULL),
(251691, 0, 1, 219, 5706, NULL),
(251692, 0, 1, 220, 5706, NULL),
(251694, 0, 1, 219, 5707, NULL),
(251695, 0, 1, 220, 5707, NULL),
(251697, 0, 1, 219, 5708, NULL),
(251698, 0, 1, 220, 5708, NULL),
(251700, 0, 1, 219, 5709, NULL),
(251701, 0, 1, 220, 5709, NULL),
(251703, 0, 1, 219, 5710, NULL),
(251704, 0, 1, 220, 5710, NULL),
(251706, 0, 1, 219, 5711, NULL),
(251707, 0, 1, 220, 5711, NULL),
(251709, 0, 1, 219, 5712, NULL),
(251710, 0, 1, 220, 5712, NULL),
(251712, 0, 1, 219, 5713, NULL),
(251713, 0, 1, 220, 5713, NULL),
(251715, 0, 1, 219, 5714, NULL),
(251716, 0, 1, 220, 5714, NULL),
(251718, 0, 1, 219, 5715, NULL),
(251719, 0, 1, 220, 5715, NULL),
(251721, 0, 1, 219, 5716, NULL),
(251722, 0, 1, 220, 5716, NULL),
(251724, 0, 1, 219, 5717, NULL),
(251725, 0, 1, 220, 5717, NULL),
(251727, 0, 1, 219, 5718, NULL),
(251728, 0, 1, 220, 5718, NULL),
(251729, 0, 1, 221, 5718, NULL),
(251730, 0, 1, 219, 5719, NULL),
(251731, 0, 1, 220, 5719, NULL),
(251732, 0, 1, 221, 5719, NULL),
(251733, 0, 1, 219, 5720, NULL),
(251734, 0, 1, 220, 5720, NULL),
(251735, 0, 1, 221, 5720, NULL),
(251736, 0, 1, 219, 5721, NULL),
(251737, 0, 1, 220, 5721, NULL),
(251738, 0, 1, 221, 5721, NULL),
(251739, 0, 1, 219, 5722, NULL),
(251740, 0, 1, 220, 5722, NULL),
(251741, 0, 1, 221, 5722, NULL),
(251742, 0, 1, 219, 5723, NULL),
(251743, 0, 1, 220, 5723, NULL),
(251744, 0, 1, 221, 5723, NULL),
(251745, 0, 1, 219, 5724, NULL),
(251746, 0, 1, 220, 5724, NULL),
(251747, 0, 1, 221, 5724, NULL),
(251748, 0, 1, 219, 5725, NULL),
(251749, 0, 1, 220, 5725, NULL),
(251750, 0, 1, 221, 5725, NULL),
(251751, 0, 1, 219, 5726, NULL),
(251752, 0, 1, 220, 5726, NULL),
(251753, 0, 1, 221, 5726, NULL),
(251754, 0, 1, 219, 5727, NULL),
(251755, 0, 1, 220, 5727, NULL),
(251756, 0, 1, 221, 5727, NULL),
(251757, 0, 1, 219, 5728, NULL),
(251758, 0, 1, 220, 5728, NULL),
(251759, 0, 1, 221, 5728, NULL),
(251760, 0, 1, 219, 5729, NULL),
(251761, 0, 1, 220, 5729, NULL),
(251762, 0, 1, 221, 5729, NULL),
(251763, 0, 1, 219, 5730, NULL),
(251764, 0, 1, 220, 5730, NULL),
(251765, 0, 1, 221, 5730, NULL),
(251766, 0, 1, 219, 5731, NULL),
(251767, 0, 1, 220, 5731, NULL),
(251768, 0, 1, 221, 5731, NULL),
(251769, 0, 1, 219, 5732, NULL),
(251770, 0, 1, 220, 5732, NULL),
(251771, 0, 1, 221, 5732, NULL),
(251772, 0, 1, 219, 5733, NULL),
(251773, 0, 1, 220, 5733, NULL),
(251774, 0, 1, 221, 5733, NULL),
(251775, 0, 1, 219, 5734, NULL),
(251776, 0, 1, 220, 5734, NULL),
(251777, 0, 1, 221, 5734, NULL),
(251778, 0, 1, 222, 5734, NULL),
(251782, 0, 1, 219, 5735, NULL),
(251783, 0, 1, 220, 5735, NULL),
(251784, 0, 1, 221, 5735, NULL),
(251785, 0, 1, 222, 5735, NULL),
(251789, 0, 1, 219, 5736, NULL),
(251790, 0, 1, 220, 5736, NULL),
(251791, 0, 1, 221, 5736, NULL),
(251792, 0, 1, 222, 5736, NULL),
(251796, 0, 1, 219, 5737, NULL),
(251797, 0, 1, 220, 5737, NULL),
(251798, 0, 1, 221, 5737, NULL),
(251799, 0, 1, 222, 5737, NULL),
(251803, 0, 1, 219, 5738, NULL),
(251804, 0, 1, 220, 5738, NULL),
(251805, 0, 1, 221, 5738, NULL),
(251806, 0, 1, 222, 5738, NULL),
(251810, 0, 1, 219, 5739, NULL),
(251811, 0, 1, 220, 5739, NULL),
(251812, 0, 1, 221, 5739, NULL),
(251813, 0, 1, 222, 5739, NULL),
(251817, 0, 1, 219, 5740, NULL),
(251818, 0, 1, 220, 5740, NULL),
(251819, 0, 1, 221, 5740, NULL),
(251820, 0, 1, 222, 5740, NULL),
(251824, 0, 1, 219, 5741, NULL),
(251825, 0, 1, 220, 5741, NULL),
(251826, 0, 1, 221, 5741, NULL),
(251827, 0, 1, 222, 5741, NULL),
(251831, 0, 1, 219, 5742, NULL),
(251832, 0, 1, 220, 5742, NULL),
(251833, 0, 1, 221, 5742, NULL),
(251834, 0, 1, 222, 5742, NULL),
(251838, 0, 1, 219, 5743, NULL),
(251839, 0, 1, 220, 5743, NULL),
(251840, 0, 1, 221, 5743, NULL),
(251841, 0, 1, 222, 5743, NULL),
(251845, 0, 1, 219, 5744, NULL),
(251846, 0, 1, 220, 5744, NULL),
(251847, 0, 1, 221, 5744, NULL),
(251848, 0, 1, 222, 5744, NULL),
(251852, 0, 1, 219, 5745, NULL),
(251853, 0, 1, 220, 5745, NULL),
(251854, 0, 1, 221, 5745, NULL),
(251855, 0, 1, 222, 5745, NULL),
(251859, 0, 1, 219, 5746, NULL),
(251860, 0, 1, 220, 5746, NULL),
(251861, 0, 1, 221, 5746, NULL),
(251862, 0, 1, 222, 5746, NULL),
(251866, 0, 1, 219, 5747, NULL),
(251867, 0, 1, 220, 5747, NULL),
(251868, 0, 1, 221, 5747, NULL),
(251869, 0, 1, 222, 5747, NULL),
(251873, 0, 1, 219, 5748, NULL),
(251874, 0, 1, 220, 5748, NULL),
(251875, 0, 1, 221, 5748, NULL),
(251876, 0, 1, 222, 5748, NULL),
(251880, 0, 1, 219, 5749, NULL),
(251881, 0, 1, 220, 5749, NULL),
(251882, 0, 1, 221, 5749, NULL),
(251883, 0, 1, 222, 5749, NULL),
(251887, 0, 1, 219, 5750, NULL),
(251888, 0, 1, 219, 5751, NULL),
(251889, 0, 1, 219, 5752, NULL),
(251890, 0, 1, 219, 5753, NULL),
(251891, 0, 1, 219, 5754, NULL),
(251892, 0, 1, 219, 5755, NULL),
(251893, 0, 1, 219, 5756, NULL),
(251894, 0, 1, 219, 5757, NULL),
(251895, 0, 1, 219, 5758, NULL),
(251896, 0, 1, 219, 5759, NULL),
(251897, 0, 1, 219, 5760, NULL),
(251898, 0, 1, 219, 5761, NULL),
(251899, 0, 1, 219, 5762, NULL),
(251900, 0, 1, 219, 5763, NULL),
(251901, 0, 1, 219, 5764, NULL),
(251902, 0, 1, 219, 5765, NULL),
(251903, 0, 1, 219, 5766, NULL),
(251904, 0, 1, 220, 5766, NULL),
(251906, 0, 1, 219, 5767, NULL),
(251907, 0, 1, 220, 5767, NULL),
(251909, 0, 1, 219, 5768, NULL),
(251910, 0, 1, 220, 5768, NULL),
(251912, 0, 1, 219, 5769, NULL),
(251913, 0, 1, 220, 5769, NULL),
(251915, 0, 1, 219, 5770, NULL),
(251916, 0, 1, 220, 5770, NULL),
(251918, 0, 1, 219, 5771, NULL),
(251919, 0, 1, 220, 5771, NULL),
(251921, 0, 1, 219, 5772, NULL),
(251922, 0, 1, 220, 5772, NULL),
(251924, 0, 1, 219, 5773, NULL),
(251925, 0, 1, 220, 5773, NULL),
(251927, 0, 1, 219, 5774, NULL),
(251928, 0, 1, 220, 5774, NULL),
(251930, 0, 1, 219, 5775, NULL),
(251931, 0, 1, 220, 5775, NULL),
(251933, 0, 1, 219, 5776, NULL),
(251934, 0, 1, 220, 5776, NULL),
(251936, 0, 1, 219, 5777, NULL),
(251937, 0, 1, 220, 5777, NULL),
(251939, 0, 1, 219, 5778, NULL),
(251940, 0, 1, 220, 5778, NULL),
(251942, 0, 1, 219, 5779, NULL),
(251943, 0, 1, 220, 5779, NULL),
(251945, 0, 1, 219, 5780, NULL),
(251946, 0, 1, 220, 5780, NULL),
(251948, 0, 1, 219, 5781, NULL),
(251949, 0, 1, 220, 5781, NULL),
(251951, 0, 1, 219, 5782, NULL),
(251952, 0, 1, 220, 5782, NULL),
(251953, 0, 1, 221, 5782, NULL),
(251954, 0, 1, 219, 5783, NULL),
(251955, 0, 1, 220, 5783, NULL),
(251956, 0, 1, 221, 5783, NULL),
(251957, 0, 1, 219, 5784, NULL),
(251958, 0, 1, 220, 5784, NULL),
(251959, 0, 1, 221, 5784, NULL),
(251960, 0, 1, 219, 5785, NULL),
(251961, 0, 1, 220, 5785, NULL),
(251962, 0, 1, 221, 5785, NULL),
(251963, 0, 1, 219, 5786, NULL),
(251964, 0, 1, 220, 5786, NULL),
(251965, 0, 1, 221, 5786, NULL),
(251966, 0, 1, 219, 5787, NULL),
(251967, 0, 1, 220, 5787, NULL),
(251968, 0, 1, 221, 5787, NULL),
(251969, 0, 1, 219, 5788, NULL),
(251970, 0, 1, 220, 5788, NULL),
(251971, 0, 1, 221, 5788, NULL),
(251972, 0, 1, 219, 5789, NULL),
(251973, 0, 1, 220, 5789, NULL),
(251974, 0, 1, 221, 5789, NULL),
(251975, 0, 1, 219, 5790, NULL),
(251976, 0, 1, 220, 5790, NULL),
(251977, 0, 1, 221, 5790, NULL),
(251978, 0, 1, 219, 5791, NULL),
(251979, 0, 1, 220, 5791, NULL),
(251980, 0, 1, 221, 5791, NULL),
(251981, 0, 1, 219, 5792, NULL),
(251982, 0, 1, 220, 5792, NULL),
(251983, 0, 1, 221, 5792, NULL),
(251984, 0, 1, 219, 5793, NULL),
(251985, 0, 1, 220, 5793, NULL),
(251986, 0, 1, 221, 5793, NULL),
(251987, 0, 1, 219, 5794, NULL),
(251988, 0, 1, 220, 5794, NULL),
(251989, 0, 1, 221, 5794, NULL),
(251990, 0, 1, 219, 5795, NULL),
(251991, 0, 1, 220, 5795, NULL),
(251992, 0, 1, 221, 5795, NULL),
(251993, 0, 1, 219, 5796, NULL),
(251994, 0, 1, 220, 5796, NULL),
(251995, 0, 1, 221, 5796, NULL),
(251996, 0, 1, 219, 5797, NULL),
(251997, 0, 1, 220, 5797, NULL),
(251998, 0, 1, 221, 5797, NULL),
(251999, 0, 1, 219, 5798, NULL),
(252000, 0, 1, 220, 5798, NULL),
(252001, 0, 1, 221, 5798, NULL),
(252002, 0, 1, 222, 5798, NULL),
(252006, 0, 1, 219, 5799, NULL),
(252007, 0, 1, 220, 5799, NULL),
(252008, 0, 1, 221, 5799, NULL),
(252009, 0, 1, 222, 5799, NULL),
(252013, 0, 1, 219, 5800, NULL),
(252014, 0, 1, 220, 5800, NULL),
(252015, 0, 1, 221, 5800, NULL),
(252016, 0, 1, 222, 5800, NULL),
(252020, 0, 1, 219, 5801, NULL),
(252021, 0, 1, 220, 5801, NULL),
(252022, 0, 1, 221, 5801, NULL),
(252023, 0, 1, 222, 5801, NULL),
(252027, 0, 1, 219, 5802, NULL),
(252028, 0, 1, 220, 5802, NULL),
(252029, 0, 1, 221, 5802, NULL),
(252030, 0, 1, 222, 5802, NULL),
(252034, 0, 1, 219, 5803, NULL),
(252035, 0, 1, 220, 5803, NULL),
(252036, 0, 1, 221, 5803, NULL),
(252037, 0, 1, 222, 5803, NULL),
(252041, 0, 1, 219, 5804, NULL),
(252042, 0, 1, 220, 5804, NULL),
(252043, 0, 1, 221, 5804, NULL),
(252044, 0, 1, 222, 5804, NULL),
(252048, 0, 1, 219, 5805, NULL),
(252049, 0, 1, 220, 5805, NULL),
(252050, 0, 1, 221, 5805, NULL),
(252051, 0, 1, 222, 5805, NULL),
(252055, 0, 1, 219, 5806, NULL),
(252056, 0, 1, 220, 5806, NULL),
(252057, 0, 1, 221, 5806, NULL),
(252058, 0, 1, 222, 5806, NULL),
(252062, 0, 1, 219, 5807, NULL),
(252063, 0, 1, 220, 5807, NULL),
(252064, 0, 1, 221, 5807, NULL),
(252065, 0, 1, 222, 5807, NULL),
(252069, 0, 1, 219, 5808, NULL),
(252070, 0, 1, 220, 5808, NULL),
(252071, 0, 1, 221, 5808, NULL),
(252072, 0, 1, 222, 5808, NULL),
(252076, 0, 1, 219, 5809, NULL),
(252077, 0, 1, 220, 5809, NULL),
(252078, 0, 1, 221, 5809, NULL),
(252079, 0, 1, 222, 5809, NULL),
(252111, 0, 1, 219, 5814, NULL),
(252112, 0, 1, 219, 5815, NULL),
(252113, 0, 1, 219, 5816, NULL),
(252114, 0, 1, 219, 5817, NULL),
(252115, 0, 1, 219, 5818, NULL),
(252116, 0, 1, 219, 5819, NULL),
(252117, 0, 1, 219, 5820, NULL),
(252118, 0, 1, 219, 5821, NULL),
(252119, 0, 1, 219, 5822, NULL),
(252120, 0, 1, 219, 5823, NULL),
(252121, 0, 1, 219, 5824, NULL),
(252122, 0, 1, 219, 5825, NULL),
(252123, 0, 1, 219, 5826, NULL),
(252124, 0, 1, 219, 5827, NULL),
(252125, 0, 1, 219, 5828, NULL),
(252126, 0, 1, 219, 5829, NULL),
(252127, 0, 1, 219, 5830, NULL),
(252128, 0, 1, 220, 5830, NULL),
(252130, 0, 1, 219, 5831, NULL),
(252131, 0, 1, 220, 5831, NULL),
(252133, 0, 1, 219, 5832, NULL),
(252134, 0, 1, 220, 5832, NULL),
(252136, 0, 1, 219, 5833, NULL),
(252137, 0, 1, 220, 5833, NULL),
(252139, 0, 1, 219, 5834, NULL),
(252140, 0, 1, 220, 5834, NULL),
(252142, 0, 1, 219, 5835, NULL),
(252143, 0, 1, 220, 5835, NULL),
(252145, 0, 1, 219, 5836, NULL),
(252146, 0, 1, 220, 5836, NULL),
(252148, 0, 1, 219, 5837, NULL),
(252149, 0, 1, 220, 5837, NULL),
(252151, 0, 1, 219, 5838, NULL),
(252152, 0, 1, 220, 5838, NULL),
(252154, 0, 1, 219, 5839, NULL),
(252155, 0, 1, 220, 5839, NULL),
(252157, 0, 1, 219, 5840, NULL),
(252158, 0, 1, 220, 5840, NULL),
(252160, 0, 1, 219, 5841, NULL),
(252161, 0, 1, 220, 5841, NULL),
(252163, 0, 1, 219, 5842, NULL),
(252164, 0, 1, 220, 5842, NULL),
(252166, 0, 1, 219, 5843, NULL),
(252167, 0, 1, 220, 5843, NULL),
(252169, 0, 1, 219, 5844, NULL),
(252170, 0, 1, 220, 5844, NULL),
(252172, 0, 1, 219, 5845, NULL),
(252173, 0, 1, 220, 5845, NULL),
(252175, 0, 1, 219, 5846, NULL),
(252176, 0, 1, 220, 5846, NULL),
(252177, 0, 1, 221, 5846, NULL),
(252178, 0, 1, 219, 5847, NULL),
(252179, 0, 1, 220, 5847, NULL),
(252180, 0, 1, 221, 5847, NULL),
(252181, 0, 1, 219, 5848, NULL),
(252182, 0, 1, 220, 5848, NULL),
(252183, 0, 1, 221, 5848, NULL),
(252184, 0, 1, 219, 5849, NULL),
(252185, 0, 1, 220, 5849, NULL),
(252186, 0, 1, 221, 5849, NULL),
(252187, 0, 1, 219, 5850, NULL),
(252188, 0, 1, 220, 5850, NULL),
(252189, 0, 1, 221, 5850, NULL),
(252190, 0, 1, 219, 5851, NULL),
(252191, 0, 1, 220, 5851, NULL),
(252192, 0, 1, 221, 5851, NULL),
(252193, 0, 1, 219, 5852, NULL),
(252194, 0, 1, 220, 5852, NULL),
(252195, 0, 1, 221, 5852, NULL),
(252196, 0, 1, 219, 5853, NULL),
(252197, 0, 1, 220, 5853, NULL),
(252198, 0, 1, 221, 5853, NULL),
(252199, 0, 1, 219, 5854, NULL),
(252200, 0, 1, 220, 5854, NULL),
(252201, 0, 1, 221, 5854, NULL),
(252202, 0, 1, 219, 5855, NULL),
(252203, 0, 1, 220, 5855, NULL),
(252204, 0, 1, 221, 5855, NULL),
(252205, 0, 1, 219, 5856, NULL),
(252206, 0, 1, 220, 5856, NULL),
(252207, 0, 1, 221, 5856, NULL),
(252208, 0, 1, 219, 5857, NULL),
(252209, 0, 1, 220, 5857, NULL),
(252210, 0, 1, 221, 5857, NULL),
(252211, 0, 1, 219, 5858, NULL),
(252212, 0, 1, 220, 5858, NULL),
(252213, 0, 1, 221, 5858, NULL),
(252214, 0, 1, 219, 5859, NULL),
(252215, 0, 1, 220, 5859, NULL),
(252216, 0, 1, 221, 5859, NULL),
(252217, 0, 1, 219, 5860, NULL),
(252218, 0, 1, 220, 5860, NULL),
(252219, 0, 1, 221, 5860, NULL),
(252220, 0, 1, 219, 5861, NULL),
(252221, 0, 1, 220, 5861, NULL),
(252222, 0, 1, 221, 5861, NULL),
(252223, 0, 1, 219, 5862, NULL),
(252224, 0, 1, 220, 5862, NULL),
(252225, 0, 1, 221, 5862, NULL),
(252226, 0, 1, 222, 5862, NULL),
(252230, 0, 1, 219, 5863, NULL),
(252231, 0, 1, 220, 5863, NULL),
(252232, 0, 1, 221, 5863, NULL),
(252233, 0, 1, 222, 5863, NULL),
(252237, 0, 1, 219, 5864, NULL),
(252238, 0, 1, 220, 5864, NULL),
(252239, 0, 1, 221, 5864, NULL),
(252240, 0, 1, 222, 5864, NULL),
(252244, 0, 1, 219, 5865, NULL),
(252245, 0, 1, 220, 5865, NULL),
(252246, 0, 1, 221, 5865, NULL),
(252247, 0, 1, 222, 5865, NULL),
(252251, 0, 1, 219, 5866, NULL),
(252252, 0, 1, 220, 5866, NULL),
(252253, 0, 1, 221, 5866, NULL),
(252254, 0, 1, 222, 5866, NULL),
(252258, 0, 1, 219, 5867, NULL),
(252259, 0, 1, 220, 5867, NULL),
(252260, 0, 1, 221, 5867, NULL),
(252261, 0, 1, 222, 5867, NULL),
(252265, 0, 1, 219, 5868, NULL),
(252266, 0, 1, 220, 5868, NULL),
(252267, 0, 1, 221, 5868, NULL),
(252268, 0, 1, 222, 5868, NULL),
(252272, 0, 1, 219, 5869, NULL),
(252273, 0, 1, 220, 5869, NULL),
(252274, 0, 1, 221, 5869, NULL),
(252275, 0, 1, 222, 5869, NULL),
(252279, 0, 1, 219, 5870, NULL),
(252280, 0, 1, 220, 5870, NULL),
(252281, 0, 1, 221, 5870, NULL),
(252282, 0, 1, 222, 5870, NULL),
(252286, 0, 1, 219, 5871, NULL),
(252287, 0, 1, 220, 5871, NULL),
(252288, 0, 1, 221, 5871, NULL),
(252289, 0, 1, 222, 5871, NULL),
(252293, 0, 1, 219, 5872, NULL),
(252294, 0, 1, 220, 5872, NULL),
(252295, 0, 1, 221, 5872, NULL),
(252296, 0, 1, 222, 5872, NULL),
(252300, 0, 1, 219, 5873, NULL),
(252301, 0, 1, 220, 5873, NULL),
(252302, 0, 1, 221, 5873, NULL),
(252303, 0, 1, 222, 5873, NULL),
(252335, 0, 1, 219, 5878, NULL),
(252336, 0, 1, 219, 5879, NULL),
(252337, 0, 1, 219, 5880, NULL),
(252338, 0, 1, 219, 5881, NULL),
(252343, 0, 1, 219, 5886, NULL),
(252344, 0, 1, 219, 5887, NULL),
(252345, 0, 1, 219, 5888, NULL),
(252346, 0, 1, 219, 5889, NULL),
(252347, 0, 1, 219, 5890, NULL),
(252348, 0, 1, 219, 5891, NULL),
(252349, 0, 1, 219, 5892, NULL),
(252350, 0, 1, 219, 5893, NULL),
(252351, 0, 1, 219, 5894, NULL),
(252352, 0, 1, 220, 5894, NULL),
(252354, 0, 1, 219, 5895, NULL),
(252355, 0, 1, 220, 5895, NULL),
(252357, 0, 1, 219, 5896, NULL),
(252358, 0, 1, 220, 5896, NULL),
(252360, 0, 1, 219, 5897, NULL),
(252361, 0, 1, 220, 5897, NULL),
(252375, 0, 1, 219, 5902, NULL),
(252376, 0, 1, 220, 5902, NULL),
(252378, 0, 1, 219, 5903, NULL),
(252379, 0, 1, 220, 5903, NULL),
(252381, 0, 1, 219, 5904, NULL),
(252382, 0, 1, 220, 5904, NULL),
(252384, 0, 1, 219, 5905, NULL),
(252385, 0, 1, 220, 5905, NULL),
(252387, 0, 1, 219, 5906, NULL),
(252388, 0, 1, 220, 5906, NULL),
(252390, 0, 1, 219, 5907, NULL),
(252391, 0, 1, 220, 5907, NULL),
(252393, 0, 1, 219, 5908, NULL),
(252394, 0, 1, 220, 5908, NULL),
(252396, 0, 1, 219, 5909, NULL),
(252397, 0, 1, 220, 5909, NULL),
(252399, 0, 1, 219, 5910, NULL),
(252400, 0, 1, 220, 5910, NULL),
(252401, 0, 1, 221, 5910, NULL),
(252402, 0, 1, 219, 5911, NULL),
(252403, 0, 1, 220, 5911, NULL),
(252404, 0, 1, 221, 5911, NULL),
(252405, 0, 1, 219, 5912, NULL),
(252406, 0, 1, 220, 5912, NULL),
(252407, 0, 1, 221, 5912, NULL),
(252408, 0, 1, 219, 5913, NULL),
(252409, 0, 1, 220, 5913, NULL),
(252410, 0, 1, 221, 5913, NULL),
(252411, 0, 1, 219, 5914, NULL),
(252412, 0, 1, 220, 5914, NULL),
(252413, 0, 1, 221, 5914, NULL),
(252414, 0, 1, 219, 5915, NULL),
(252415, 0, 1, 220, 5915, NULL),
(252416, 0, 1, 221, 5915, NULL),
(252417, 0, 1, 219, 5916, NULL),
(252418, 0, 1, 220, 5916, NULL),
(252419, 0, 1, 221, 5916, NULL),
(252420, 0, 1, 219, 5917, NULL),
(252421, 0, 1, 220, 5917, NULL),
(252422, 0, 1, 221, 5917, NULL),
(252423, 0, 1, 219, 5918, NULL),
(252424, 0, 1, 220, 5918, NULL),
(252425, 0, 1, 221, 5918, NULL),
(252426, 0, 1, 219, 5919, NULL),
(252427, 0, 1, 220, 5919, NULL),
(252428, 0, 1, 221, 5919, NULL),
(252429, 0, 1, 219, 5920, NULL),
(252430, 0, 1, 220, 5920, NULL),
(252431, 0, 1, 221, 5920, NULL),
(252432, 0, 1, 219, 5921, NULL),
(252433, 0, 1, 220, 5921, NULL),
(252434, 0, 1, 221, 5921, NULL),
(252435, 0, 1, 219, 5922, NULL),
(252436, 0, 1, 220, 5922, NULL),
(252437, 0, 1, 221, 5922, NULL),
(252438, 0, 1, 219, 5923, NULL),
(252439, 0, 1, 220, 5923, NULL),
(252440, 0, 1, 221, 5923, NULL),
(252441, 0, 1, 219, 5924, NULL),
(252442, 0, 1, 220, 5924, NULL),
(252443, 0, 1, 221, 5924, NULL),
(252444, 0, 1, 219, 5925, NULL),
(252445, 0, 1, 220, 5925, NULL),
(252446, 0, 1, 221, 5925, NULL),
(252447, 0, 1, 219, 5926, NULL),
(252448, 0, 1, 220, 5926, NULL),
(252449, 0, 1, 221, 5926, NULL),
(252450, 0, 1, 222, 5926, NULL),
(252454, 0, 1, 219, 5927, NULL),
(252455, 0, 1, 220, 5927, NULL),
(252456, 0, 1, 221, 5927, NULL),
(252457, 0, 1, 222, 5927, NULL),
(252461, 0, 1, 219, 5928, NULL),
(252462, 0, 1, 220, 5928, NULL),
(252463, 0, 1, 221, 5928, NULL),
(252464, 0, 1, 222, 5928, NULL),
(252468, 0, 1, 219, 5929, NULL),
(252469, 0, 1, 220, 5929, NULL),
(252470, 0, 1, 221, 5929, NULL),
(252471, 0, 1, 222, 5929, NULL),
(252475, 0, 1, 219, 5930, NULL),
(252476, 0, 1, 220, 5930, NULL),
(252477, 0, 1, 221, 5930, NULL),
(252478, 0, 1, 222, 5930, NULL),
(252482, 0, 1, 219, 5931, NULL),
(252483, 0, 1, 220, 5931, NULL),
(252484, 0, 1, 221, 5931, NULL),
(252485, 0, 1, 222, 5931, NULL),
(252489, 0, 1, 219, 5932, NULL),
(252490, 0, 1, 220, 5932, NULL),
(252491, 0, 1, 221, 5932, NULL),
(252492, 0, 1, 222, 5932, NULL),
(252496, 0, 1, 219, 5933, NULL),
(252497, 0, 1, 220, 5933, NULL),
(252498, 0, 1, 221, 5933, NULL),
(252499, 0, 1, 222, 5933, NULL),
(252503, 0, 1, 219, 5934, NULL),
(252504, 0, 1, 220, 5934, NULL),
(252505, 0, 1, 221, 5934, NULL),
(252506, 0, 1, 222, 5934, NULL),
(252510, 0, 1, 219, 5935, NULL),
(252511, 0, 1, 220, 5935, NULL),
(252512, 0, 1, 221, 5935, NULL),
(252513, 0, 1, 222, 5935, NULL),
(252517, 0, 1, 219, 5936, NULL),
(252518, 0, 1, 220, 5936, NULL),
(252519, 0, 1, 221, 5936, NULL),
(252520, 0, 1, 222, 5936, NULL),
(252524, 0, 1, 219, 5937, NULL),
(252525, 0, 1, 220, 5937, NULL),
(252526, 0, 1, 221, 5937, NULL),
(252527, 0, 1, 222, 5937, NULL),
(252531, 0, 1, 219, 5938, NULL),
(252532, 0, 1, 220, 5938, NULL),
(252533, 0, 1, 221, 5938, NULL),
(252534, 0, 1, 222, 5938, NULL),
(252538, 0, 1, 219, 5939, NULL),
(252539, 0, 1, 220, 5939, NULL),
(252540, 0, 1, 221, 5939, NULL),
(252541, 0, 1, 222, 5939, NULL),
(252545, 0, 1, 219, 5940, NULL),
(252546, 0, 1, 220, 5940, NULL),
(252547, 0, 1, 221, 5940, NULL),
(252548, 0, 1, 222, 5940, NULL),
(252552, 0, 1, 219, 5941, NULL),
(252553, 0, 1, 220, 5941, NULL),
(252554, 0, 1, 221, 5941, NULL),
(252555, 0, 1, 222, 5941, NULL),
(252559, 0, 1, 219, 5942, NULL),
(252560, 0, 1, 219, 5943, NULL),
(252561, 0, 1, 219, 5944, NULL),
(252562, 0, 1, 219, 5945, NULL),
(252563, 0, 1, 219, 5946, NULL),
(252564, 0, 1, 219, 5947, NULL),
(252565, 0, 1, 219, 5948, NULL),
(252566, 0, 1, 219, 5949, NULL),
(252567, 0, 1, 219, 5950, NULL),
(252568, 0, 1, 219, 5951, NULL),
(252569, 0, 1, 219, 5952, NULL),
(252570, 0, 1, 219, 5953, NULL),
(252571, 0, 1, 219, 5954, NULL),
(252572, 0, 1, 219, 5955, NULL),
(252573, 0, 1, 219, 5956, NULL),
(252574, 0, 1, 219, 5957, NULL),
(252575, 0, 1, 219, 5958, NULL),
(252576, 0, 1, 220, 5958, NULL),
(252578, 0, 1, 219, 5959, NULL),
(252579, 0, 1, 220, 5959, NULL),
(252581, 0, 1, 219, 5960, NULL),
(252582, 0, 1, 220, 5960, NULL),
(252584, 0, 1, 219, 5961, NULL),
(252585, 0, 1, 220, 5961, NULL),
(252599, 0, 1, 219, 5966, NULL),
(252600, 0, 1, 220, 5966, NULL),
(252602, 0, 1, 219, 5967, NULL),
(252603, 0, 1, 220, 5967, NULL),
(252605, 0, 1, 219, 5968, NULL),
(252606, 0, 1, 220, 5968, NULL),
(252608, 0, 1, 219, 5969, NULL),
(252609, 0, 1, 220, 5969, NULL),
(252611, 0, 1, 219, 5970, NULL),
(252612, 0, 1, 220, 5970, NULL),
(252614, 0, 1, 219, 5971, NULL),
(252615, 0, 1, 220, 5971, NULL),
(252617, 0, 1, 219, 5972, NULL),
(252618, 1, 1, 220, 5972, NULL),
(252620, 0, 1, 219, 5973, NULL),
(252621, 0, 1, 220, 5973, NULL),
(252623, 0, 1, 219, 5974, NULL),
(252624, 0, 1, 220, 5974, NULL),
(252625, 0, 1, 221, 5974, NULL),
(252626, 0, 1, 219, 5975, NULL),
(252627, 0, 1, 220, 5975, NULL),
(252628, 0, 1, 221, 5975, NULL),
(252629, 0, 1, 219, 5976, NULL),
(252630, 0, 1, 220, 5976, NULL),
(252631, 0, 1, 221, 5976, NULL),
(252632, 0, 1, 219, 5977, NULL),
(252633, 0, 1, 220, 5977, NULL),
(252634, 0, 1, 221, 5977, NULL),
(252635, 0, 1, 219, 5978, NULL),
(252636, 0, 1, 220, 5978, NULL),
(252637, 0, 1, 221, 5978, NULL),
(252638, 0, 1, 219, 5979, NULL),
(252639, 0, 1, 220, 5979, NULL),
(252640, 0, 1, 221, 5979, NULL),
(252641, 0, 1, 219, 5980, NULL),
(252642, 0, 1, 220, 5980, NULL),
(252643, 0, 1, 221, 5980, NULL),
(252644, 0, 1, 219, 5981, NULL),
(252645, 0, 1, 220, 5981, NULL),
(252646, 0, 1, 221, 5981, NULL),
(252647, 0, 1, 219, 5982, NULL),
(252648, 0, 1, 220, 5982, NULL),
(252649, 0, 1, 221, 5982, NULL),
(252650, 0, 1, 219, 5983, NULL),
(252651, 0, 1, 220, 5983, NULL),
(252652, 0, 1, 221, 5983, NULL),
(252653, 0, 1, 219, 5984, NULL),
(252654, 0, 1, 220, 5984, NULL),
(252655, 0, 1, 221, 5984, NULL),
(252656, 0, 1, 219, 5985, NULL),
(252657, 0, 1, 220, 5985, NULL),
(252658, 0, 1, 221, 5985, NULL),
(252671, 0, 1, 219, 5990, NULL),
(252672, 0, 1, 220, 5990, NULL),
(252673, 0, 1, 221, 5990, NULL),
(252674, 0, 1, 222, 5990, NULL),
(252678, 0, 1, 219, 5991, NULL),
(252679, 0, 1, 220, 5991, NULL),
(252680, 0, 1, 221, 5991, NULL),
(252681, 0, 1, 222, 5991, NULL),
(252685, 0, 1, 219, 5992, NULL),
(252686, 0, 1, 220, 5992, NULL),
(252687, 0, 1, 221, 5992, NULL),
(252688, 0, 1, 222, 5992, NULL),
(252692, 0, 1, 219, 5993, NULL),
(252693, 0, 1, 220, 5993, NULL),
(252694, 0, 1, 221, 5993, NULL),
(252695, 0, 1, 222, 5993, NULL),
(252727, 0, 1, 219, 5998, NULL),
(252728, 0, 1, 220, 5998, NULL),
(252729, 0, 1, 221, 5998, NULL),
(252730, 0, 1, 222, 5998, NULL),
(252734, 0, 1, 219, 5999, NULL),
(252735, 0, 1, 220, 5999, NULL),
(252736, 0, 1, 221, 5999, NULL),
(252737, 0, 1, 222, 5999, NULL),
(252741, 0, 1, 219, 6000, NULL),
(252742, 0, 1, 220, 6000, NULL),
(252743, 0, 1, 221, 6000, NULL),
(252744, 0, 1, 222, 6000, NULL),
(252748, 0, 1, 219, 6001, NULL),
(252749, 0, 1, 220, 6001, NULL),
(252750, 0, 1, 221, 6001, NULL),
(252751, 0, 1, 222, 6001, NULL),
(252755, 0, 1, 219, 6002, NULL),
(252756, 0, 1, 220, 6002, NULL),
(252757, 0, 1, 221, 6002, NULL),
(252758, 0, 1, 222, 6002, NULL),
(252762, 0, 1, 219, 6003, NULL),
(252763, 0, 1, 220, 6003, NULL),
(252764, 0, 1, 221, 6003, NULL),
(252765, 0, 1, 222, 6003, NULL),
(252769, 0, 1, 219, 6004, NULL),
(252770, 0, 1, 220, 6004, NULL),
(252771, 0, 1, 221, 6004, NULL),
(252772, 0, 1, 222, 6004, NULL),
(252776, 0, 1, 219, 6005, NULL),
(252777, 0, 1, 220, 6005, NULL),
(252778, 0, 1, 221, 6005, NULL),
(252779, 0, 1, 222, 6005, NULL),
(252783, 0, 1, 219, 6006, NULL),
(252784, 0, 1, 219, 6007, NULL),
(252785, 0, 1, 219, 6008, NULL),
(252786, 0, 1, 219, 6009, NULL),
(252787, 0, 1, 219, 6010, NULL),
(252788, 0, 1, 219, 6011, NULL),
(252789, 0, 1, 219, 6012, NULL),
(252790, 0, 1, 219, 6013, NULL),
(252791, 0, 1, 219, 6014, NULL),
(252792, 0, 1, 219, 6015, NULL),
(252793, 0, 1, 219, 6016, NULL),
(252794, 0, 1, 219, 6017, NULL),
(252795, 0, 1, 219, 6018, NULL),
(252796, 0, 1, 219, 6019, NULL),
(252797, 0, 1, 219, 6020, NULL),
(252798, 0, 1, 219, 6021, NULL),
(252799, 0, 1, 219, 6022, NULL),
(252800, 0, 1, 220, 6022, NULL),
(252802, 0, 1, 219, 6023, NULL),
(252803, 0, 1, 220, 6023, NULL),
(252805, 0, 1, 219, 6024, NULL),
(252806, 0, 1, 220, 6024, NULL),
(252808, 0, 1, 219, 6025, NULL),
(252809, 0, 1, 220, 6025, NULL),
(252811, 0, 1, 219, 6026, NULL),
(252812, 0, 1, 220, 6026, NULL),
(252814, 0, 1, 219, 6027, NULL),
(252815, 0, 1, 220, 6027, NULL),
(252817, 0, 1, 219, 6028, NULL),
(252818, 0, 1, 220, 6028, NULL),
(252820, 0, 1, 219, 6029, NULL),
(252821, 0, 1, 220, 6029, NULL),
(252823, 0, 1, 219, 6030, NULL),
(252824, 0, 1, 220, 6030, NULL),
(252826, 0, 1, 219, 6031, NULL),
(252827, 0, 1, 220, 6031, NULL),
(252829, 0, 1, 219, 6032, NULL),
(252830, 0, 1, 220, 6032, NULL),
(252832, 0, 1, 219, 6033, NULL),
(252833, 0, 1, 220, 6033, NULL),
(252835, 0, 1, 219, 6034, NULL),
(252836, 0, 1, 220, 6034, NULL),
(252838, 0, 1, 219, 6035, NULL),
(252839, 0, 1, 220, 6035, NULL),
(252841, 0, 1, 219, 6036, NULL),
(252842, 0, 1, 220, 6036, NULL),
(252844, 0, 1, 219, 6037, NULL),
(252845, 0, 1, 220, 6037, NULL),
(252847, 0, 1, 219, 6038, NULL),
(252848, 0, 1, 220, 6038, NULL),
(252849, 0, 1, 221, 6038, NULL),
(252850, 0, 1, 219, 6039, NULL),
(252851, 0, 1, 220, 6039, NULL),
(252852, 0, 1, 221, 6039, NULL),
(252853, 0, 1, 219, 6040, NULL),
(252854, 0, 1, 220, 6040, NULL),
(252855, 0, 1, 221, 6040, NULL),
(252856, 0, 1, 219, 6041, NULL),
(252857, 0, 1, 220, 6041, NULL),
(252858, 0, 1, 221, 6041, NULL),
(252859, 0, 1, 219, 6042, NULL),
(252860, 0, 1, 220, 6042, NULL),
(252861, 0, 1, 221, 6042, NULL),
(252862, 0, 1, 219, 6043, NULL),
(252863, 0, 1, 220, 6043, NULL),
(252864, 0, 1, 221, 6043, NULL),
(252865, 0, 1, 219, 6044, NULL),
(252866, 0, 1, 220, 6044, NULL),
(252867, 0, 1, 221, 6044, NULL),
(252868, 0, 1, 219, 6045, NULL),
(252869, 0, 1, 220, 6045, NULL),
(252870, 0, 1, 221, 6045, NULL),
(252883, 0, 1, 219, 6050, NULL),
(252884, 0, 1, 220, 6050, NULL),
(252885, 0, 1, 221, 6050, NULL),
(252886, 0, 1, 219, 6051, NULL),
(252887, 0, 1, 220, 6051, NULL),
(252888, 0, 1, 221, 6051, NULL),
(252889, 0, 1, 219, 6052, NULL),
(252890, 0, 1, 220, 6052, NULL),
(252891, 0, 1, 221, 6052, NULL),
(252892, 0, 1, 219, 6053, NULL),
(252893, 0, 1, 220, 6053, NULL),
(252894, 0, 1, 221, 6053, NULL),
(252895, 0, 1, 219, 6054, NULL),
(252896, 0, 1, 220, 6054, NULL),
(252897, 0, 1, 221, 6054, NULL),
(252898, 0, 1, 222, 6054, NULL),
(252902, 0, 1, 219, 6055, NULL),
(252903, 0, 1, 220, 6055, NULL),
(252904, 0, 1, 221, 6055, NULL),
(252905, 0, 1, 222, 6055, NULL),
(252909, 0, 1, 219, 6056, NULL),
(252910, 0, 1, 220, 6056, NULL),
(252911, 0, 1, 221, 6056, NULL),
(252912, 0, 1, 222, 6056, NULL),
(252916, 0, 1, 219, 6057, NULL),
(252917, 0, 1, 220, 6057, NULL),
(252918, 0, 1, 221, 6057, NULL),
(252919, 0, 1, 222, 6057, NULL),
(252923, 0, 1, 219, 6058, NULL),
(252924, 0, 1, 220, 6058, NULL),
(252925, 0, 1, 221, 6058, NULL),
(252926, 0, 1, 222, 6058, NULL),
(252930, 0, 1, 219, 6059, NULL),
(252931, 0, 1, 220, 6059, NULL),
(252932, 0, 1, 221, 6059, NULL),
(252933, 0, 1, 222, 6059, NULL),
(252937, 0, 1, 219, 6060, NULL),
(252938, 0, 1, 220, 6060, NULL),
(252939, 0, 1, 221, 6060, NULL),
(252940, 0, 1, 222, 6060, NULL),
(252944, 0, 1, 219, 6061, NULL),
(252945, 0, 1, 220, 6061, NULL),
(252946, 0, 1, 221, 6061, NULL),
(252947, 0, 1, 222, 6061, NULL),
(252951, 0, 1, 219, 6062, NULL),
(252952, 0, 1, 220, 6062, NULL),
(252953, 0, 1, 221, 6062, NULL),
(252954, 0, 1, 222, 6062, NULL),
(252958, 0, 1, 219, 6063, NULL),
(252959, 0, 1, 220, 6063, NULL),
(252960, 0, 1, 221, 6063, NULL),
(252961, 0, 1, 222, 6063, NULL),
(252965, 0, 1, 219, 6064, NULL),
(252966, 0, 1, 220, 6064, NULL),
(252967, 0, 1, 221, 6064, NULL),
(252968, 0, 1, 222, 6064, NULL),
(252972, 0, 1, 219, 6065, NULL),
(252973, 0, 1, 220, 6065, NULL),
(252974, 0, 1, 221, 6065, NULL),
(252975, 0, 1, 222, 6065, NULL),
(252979, 0, 1, 219, 6066, NULL),
(252980, 0, 1, 220, 6066, NULL),
(252981, 0, 1, 221, 6066, NULL),
(252982, 0, 1, 222, 6066, NULL),
(252986, 0, 1, 219, 6067, NULL),
(252987, 0, 1, 220, 6067, NULL),
(252988, 0, 1, 221, 6067, NULL),
(252989, 0, 1, 222, 6067, NULL),
(252993, 0, 1, 219, 6068, NULL),
(252994, 0, 1, 220, 6068, NULL),
(252995, 0, 1, 221, 6068, NULL),
(252996, 0, 1, 222, 6068, NULL),
(253000, 0, 1, 219, 6069, NULL),
(253001, 0, 1, 220, 6069, NULL),
(253002, 0, 1, 221, 6069, NULL),
(253003, 0, 1, 222, 6069, NULL),
(253007, 0, 1, 219, 6070, NULL),
(253008, 0, 1, 219, 6071, NULL),
(253009, 0, 1, 219, 6072, NULL),
(253010, 0, 1, 219, 6073, NULL),
(253011, 0, 1, 219, 6074, NULL),
(253012, 0, 1, 219, 6075, NULL),
(253013, 0, 1, 219, 6076, NULL),
(253014, 0, 1, 219, 6077, NULL),
(253015, 0, 1, 219, 6078, NULL),
(253016, 0, 1, 219, 6079, NULL),
(253017, 0, 1, 219, 6080, NULL),
(253018, 0, 1, 219, 6081, NULL),
(253019, 0, 1, 219, 6082, NULL),
(253020, 0, 1, 219, 6083, NULL),
(253021, 0, 1, 219, 6084, NULL),
(253022, 0, 1, 219, 6085, NULL),
(253035, 0, 1, 219, 6090, NULL),
(253036, 0, 1, 220, 6090, NULL),
(253038, 0, 1, 219, 6091, NULL),
(253039, 0, 1, 220, 6091, NULL),
(253041, 0, 1, 219, 6092, NULL),
(253042, 0, 1, 220, 6092, NULL),
(253044, 0, 1, 219, 6093, NULL),
(253045, 0, 1, 220, 6093, NULL),
(253047, 0, 1, 219, 6094, NULL),
(253048, 0, 1, 220, 6094, NULL),
(253050, 0, 1, 219, 6095, NULL),
(253051, 0, 1, 220, 6095, NULL),
(253053, 0, 1, 219, 6096, NULL),
(253054, 0, 1, 220, 6096, NULL),
(253056, 0, 1, 219, 6097, NULL),
(253057, 0, 1, 220, 6097, NULL),
(253059, 0, 1, 219, 6098, NULL),
(253060, 0, 1, 220, 6098, NULL),
(253062, 0, 1, 219, 6099, NULL),
(253063, 0, 1, 220, 6099, NULL),
(253065, 0, 1, 219, 6100, NULL),
(253066, 0, 1, 220, 6100, NULL),
(253068, 0, 1, 219, 6101, NULL),
(253069, 0, 1, 220, 6101, NULL),
(253071, 0, 1, 219, 6102, NULL),
(253072, 0, 1, 220, 6102, NULL),
(253073, 0, 1, 221, 6102, NULL),
(253074, 0, 1, 219, 6103, NULL),
(253075, 0, 1, 220, 6103, NULL),
(253076, 0, 1, 221, 6103, NULL),
(253077, 0, 1, 219, 6104, NULL),
(253078, 0, 1, 220, 6104, NULL),
(253079, 0, 1, 221, 6104, NULL),
(253080, 0, 1, 219, 6105, NULL),
(253081, 0, 1, 220, 6105, NULL),
(253082, 0, 1, 221, 6105, NULL),
(253083, 0, 1, 219, 6106, NULL),
(253084, 0, 1, 220, 6106, NULL),
(253085, 0, 1, 221, 6106, NULL),
(253086, 0, 1, 219, 6107, NULL),
(253087, 0, 1, 220, 6107, NULL),
(253088, 0, 1, 221, 6107, NULL),
(253089, 0, 1, 219, 6108, NULL),
(253090, 0, 1, 220, 6108, NULL),
(253091, 0, 1, 221, 6108, NULL),
(253092, 0, 1, 219, 6109, NULL),
(253093, 0, 1, 220, 6109, NULL),
(253094, 0, 1, 221, 6109, NULL),
(253095, 0, 1, 219, 6110, NULL),
(253096, 0, 1, 220, 6110, NULL),
(253097, 0, 1, 221, 6110, NULL),
(253098, 0, 1, 219, 6111, NULL),
(253099, 0, 1, 220, 6111, NULL),
(253100, 0, 1, 221, 6111, NULL),
(253101, 0, 1, 219, 6112, NULL),
(253102, 0, 1, 220, 6112, NULL),
(253103, 0, 1, 221, 6112, NULL),
(253104, 0, 1, 219, 6113, NULL),
(253105, 0, 1, 220, 6113, NULL),
(253106, 0, 1, 221, 6113, NULL),
(253107, 0, 1, 219, 6114, NULL),
(253108, 0, 1, 220, 6114, NULL),
(253109, 0, 1, 221, 6114, NULL),
(253110, 0, 1, 219, 6115, NULL),
(253111, 0, 1, 220, 6115, NULL),
(253112, 0, 1, 221, 6115, NULL),
(253113, 0, 1, 219, 6116, NULL),
(253114, 0, 1, 220, 6116, NULL),
(253115, 0, 1, 221, 6116, NULL),
(253116, 0, 1, 219, 6117, NULL),
(253117, 0, 1, 220, 6117, NULL),
(253118, 0, 1, 221, 6117, NULL),
(253119, 0, 1, 219, 6118, NULL),
(253120, 0, 1, 220, 6118, NULL),
(253121, 0, 1, 221, 6118, NULL),
(253122, 0, 1, 222, 6118, NULL),
(253126, 0, 1, 219, 6119, NULL),
(253127, 0, 1, 220, 6119, NULL),
(253128, 0, 1, 221, 6119, NULL),
(253129, 0, 1, 222, 6119, NULL),
(253133, 0, 1, 219, 6120, NULL),
(253134, 0, 1, 220, 6120, NULL),
(253135, 0, 1, 221, 6120, NULL),
(253136, 0, 1, 222, 6120, NULL),
(253140, 0, 1, 219, 6121, NULL),
(253141, 0, 1, 220, 6121, NULL),
(253142, 0, 1, 221, 6121, NULL),
(253143, 0, 1, 222, 6121, NULL),
(253147, 0, 1, 219, 6122, NULL),
(253148, 0, 1, 220, 6122, NULL),
(253149, 0, 1, 221, 6122, NULL),
(253150, 0, 1, 222, 6122, NULL),
(253154, 0, 1, 219, 6123, NULL),
(253155, 0, 1, 220, 6123, NULL),
(253156, 0, 1, 221, 6123, NULL),
(253157, 0, 1, 222, 6123, NULL),
(253161, 0, 1, 219, 6124, NULL),
(253162, 0, 1, 220, 6124, NULL),
(253163, 0, 1, 221, 6124, NULL),
(253164, 0, 1, 222, 6124, NULL),
(253168, 0, 1, 219, 6125, NULL),
(253169, 0, 1, 220, 6125, NULL),
(253170, 0, 1, 221, 6125, NULL),
(253171, 0, 1, 222, 6125, NULL),
(253175, 0, 1, 219, 6126, NULL),
(253176, 0, 1, 220, 6126, NULL),
(253177, 0, 1, 221, 6126, NULL),
(253178, 0, 1, 222, 6126, NULL),
(253182, 0, 1, 219, 6127, NULL),
(253183, 0, 1, 220, 6127, NULL),
(253184, 0, 1, 221, 6127, NULL),
(253185, 0, 1, 222, 6127, NULL),
(253189, 0, 1, 219, 6128, NULL),
(253190, 0, 1, 220, 6128, NULL),
(253191, 0, 1, 221, 6128, NULL),
(253192, 0, 1, 222, 6128, NULL),
(253196, 0, 1, 219, 6129, NULL),
(253197, 0, 1, 220, 6129, NULL),
(253198, 0, 1, 221, 6129, NULL),
(253199, 0, 1, 222, 6129, NULL),
(253203, 0, 1, 219, 6130, NULL),
(253204, 0, 1, 220, 6130, NULL),
(253205, 0, 1, 221, 6130, NULL),
(253206, 0, 1, 222, 6130, NULL),
(253210, 0, 1, 219, 6131, NULL),
(253211, 0, 1, 220, 6131, NULL),
(253212, 0, 1, 221, 6131, NULL),
(253213, 0, 1, 222, 6131, NULL),
(253217, 0, 1, 219, 6132, NULL),
(253218, 0, 1, 220, 6132, NULL),
(253219, 0, 1, 221, 6132, NULL),
(253220, 0, 1, 222, 6132, NULL),
(253224, 0, 1, 219, 6133, NULL),
(253225, 0, 1, 220, 6133, NULL),
(253226, 0, 1, 221, 6133, NULL),
(253227, 0, 1, 222, 6133, NULL),
(253231, 0, 1, 219, 6134, NULL),
(253232, 0, 1, 219, 6135, NULL),
(253233, 0, 1, 219, 6136, NULL),
(253234, 0, 1, 219, 6137, NULL),
(253235, 0, 1, 219, 6138, NULL),
(253236, 0, 1, 219, 6139, NULL),
(253237, 0, 1, 219, 6140, NULL),
(253238, 0, 1, 219, 6141, NULL),
(253239, 0, 1, 219, 6142, NULL),
(253240, 0, 1, 219, 6143, NULL),
(253241, 0, 1, 219, 6144, NULL),
(253242, 0, 1, 219, 6145, NULL),
(253243, 0, 1, 219, 6146, NULL),
(253244, 0, 1, 219, 6147, NULL),
(253245, 0, 1, 219, 6148, NULL),
(253246, 0, 1, 219, 6149, NULL),
(253247, 0, 1, 219, 6150, NULL),
(253248, 0, 1, 220, 6150, NULL),
(253250, 0, 1, 219, 6151, NULL),
(253251, 0, 1, 220, 6151, NULL),
(253253, 0, 1, 219, 6152, NULL),
(253254, 0, 1, 220, 6152, NULL),
(253256, 0, 1, 219, 6153, NULL),
(253257, 0, 1, 220, 6153, NULL),
(253259, 0, 1, 219, 6154, NULL),
(253260, 0, 1, 220, 6154, NULL),
(253262, 0, 1, 219, 6155, NULL),
(253263, 0, 1, 220, 6155, NULL),
(253265, 0, 1, 219, 6156, NULL),
(253266, 0, 1, 220, 6156, NULL),
(253268, 0, 1, 219, 6157, NULL),
(253269, 0, 1, 220, 6157, NULL),
(253271, 0, 1, 219, 6158, NULL),
(253272, 0, 1, 220, 6158, NULL),
(253274, 0, 1, 219, 6159, NULL),
(253275, 0, 1, 220, 6159, NULL),
(253277, 0, 1, 219, 6160, NULL),
(253278, 0, 1, 220, 6160, NULL),
(253280, 0, 1, 219, 6161, NULL),
(253281, 0, 1, 220, 6161, NULL),
(253283, 0, 1, 219, 6162, NULL),
(253284, 0, 1, 220, 6162, NULL),
(253286, 0, 1, 219, 6163, NULL),
(253287, 0, 1, 220, 6163, NULL),
(253289, 0, 1, 219, 6164, NULL),
(253290, 0, 1, 220, 6164, NULL),
(253292, 0, 1, 219, 6165, NULL),
(253293, 0, 1, 220, 6165, NULL),
(253295, 0, 1, 219, 6166, NULL),
(253296, 0, 1, 220, 6166, NULL),
(253297, 0, 1, 221, 6166, NULL),
(253298, 0, 1, 219, 6167, NULL),
(253299, 0, 1, 220, 6167, NULL),
(253300, 0, 1, 221, 6167, NULL),
(253301, 0, 1, 219, 6168, NULL),
(253302, 0, 1, 220, 6168, NULL),
(253303, 0, 1, 221, 6168, NULL),
(253304, 0, 1, 219, 6169, NULL),
(253305, 0, 1, 220, 6169, NULL),
(253306, 0, 1, 221, 6169, NULL),
(253319, 0, 1, 219, 6174, NULL),
(253320, 0, 1, 220, 6174, NULL),
(253321, 0, 1, 221, 6174, NULL),
(253322, 0, 1, 219, 6175, NULL),
(253323, 0, 1, 220, 6175, NULL),
(253324, 0, 1, 221, 6175, NULL),
(253325, 0, 1, 219, 6176, NULL),
(253326, 0, 1, 220, 6176, NULL),
(253327, 0, 1, 221, 6176, NULL),
(253328, 0, 1, 219, 6177, NULL),
(253329, 0, 1, 220, 6177, NULL),
(253330, 0, 1, 221, 6177, NULL),
(253331, 0, 1, 219, 6178, NULL),
(253332, 0, 1, 220, 6178, NULL),
(253333, 0, 1, 221, 6178, NULL),
(253334, 0, 1, 219, 6179, NULL),
(253335, 0, 1, 220, 6179, NULL),
(253336, 0, 1, 221, 6179, NULL),
(253337, 0, 1, 219, 6180, NULL),
(253338, 0, 1, 220, 6180, NULL),
(253339, 0, 1, 221, 6180, NULL),
(253340, 0, 1, 219, 6181, NULL),
(253341, 0, 1, 220, 6181, NULL),
(253342, 0, 1, 221, 6181, NULL),
(253343, 0, 1, 219, 6182, NULL),
(253344, 0, 1, 220, 6182, NULL),
(253345, 0, 1, 221, 6182, NULL),
(253346, 0, 1, 222, 6182, NULL),
(253350, 0, 1, 219, 6183, NULL),
(253351, 0, 1, 220, 6183, NULL),
(253352, 0, 1, 221, 6183, NULL),
(253353, 0, 1, 222, 6183, NULL),
(253357, 0, 1, 219, 6184, NULL),
(253358, 0, 1, 220, 6184, NULL),
(253359, 0, 1, 221, 6184, NULL),
(253360, 0, 1, 222, 6184, NULL),
(253364, 0, 1, 219, 6185, NULL),
(253365, 0, 1, 220, 6185, NULL),
(253366, 0, 1, 221, 6185, NULL),
(253367, 0, 1, 222, 6185, NULL),
(253371, 0, 1, 219, 6186, NULL),
(253372, 0, 1, 220, 6186, NULL),
(253373, 0, 1, 221, 6186, NULL),
(253374, 0, 1, 222, 6186, NULL),
(253378, 0, 1, 219, 6187, NULL),
(253379, 0, 1, 220, 6187, NULL),
(253380, 0, 1, 221, 6187, NULL),
(253381, 0, 1, 222, 6187, NULL),
(253385, 0, 1, 219, 6188, NULL),
(253386, 0, 1, 220, 6188, NULL),
(253387, 0, 1, 221, 6188, NULL),
(253388, 0, 1, 222, 6188, NULL),
(253392, 0, 1, 219, 6189, NULL),
(253393, 0, 1, 220, 6189, NULL),
(253394, 0, 1, 221, 6189, NULL),
(253395, 0, 1, 222, 6189, NULL),
(253399, 0, 1, 219, 6190, NULL),
(253400, 0, 1, 220, 6190, NULL),
(253401, 0, 1, 221, 6190, NULL),
(253402, 0, 1, 222, 6190, NULL),
(253406, 0, 1, 219, 6191, NULL),
(253407, 0, 1, 220, 6191, NULL),
(253408, 0, 1, 221, 6191, NULL),
(253409, 0, 1, 222, 6191, NULL),
(253413, 0, 1, 219, 6192, NULL),
(253414, 0, 1, 220, 6192, NULL),
(253415, 0, 1, 221, 6192, NULL),
(253416, 0, 1, 222, 6192, NULL),
(253420, 0, 1, 219, 6193, NULL),
(253421, 0, 1, 220, 6193, NULL),
(253422, 0, 1, 221, 6193, NULL),
(253423, 0, 1, 222, 6193, NULL),
(253427, 0, 1, 219, 6194, NULL),
(253428, 0, 1, 220, 6194, NULL),
(253429, 0, 1, 221, 6194, NULL),
(253430, 0, 1, 222, 6194, NULL),
(253434, 0, 1, 219, 6195, NULL),
(253435, 0, 1, 220, 6195, NULL),
(253436, 0, 1, 221, 6195, NULL),
(253437, 0, 1, 222, 6195, NULL),
(253441, 0, 1, 219, 6196, NULL),
(253442, 0, 1, 220, 6196, NULL),
(253443, 0, 1, 221, 6196, NULL),
(253444, 0, 1, 222, 6196, NULL),
(253448, 0, 1, 219, 6197, NULL),
(253449, 0, 1, 220, 6197, NULL),
(253450, 0, 1, 221, 6197, NULL),
(253451, 0, 1, 222, 6197, NULL),
(253455, 0, 1, 219, 6198, NULL),
(253456, 0, 1, 219, 6199, NULL),
(253457, 0, 1, 219, 6200, NULL),
(253458, 0, 1, 219, 6201, NULL),
(253459, 0, 1, 219, 6202, NULL),
(253460, 0, 1, 219, 6203, NULL),
(253461, 0, 1, 219, 6204, NULL),
(253462, 0, 1, 219, 6205, NULL),
(253463, 0, 1, 219, 6206, NULL),
(253464, 0, 1, 219, 6207, NULL),
(253465, 0, 1, 219, 6208, NULL),
(253466, 0, 1, 219, 6209, NULL),
(253467, 0, 1, 219, 6210, NULL),
(253468, 0, 1, 219, 6211, NULL),
(253469, 0, 1, 219, 6212, NULL),
(253470, 0, 1, 219, 6213, NULL),
(253471, 0, 1, 219, 6214, NULL),
(253472, 0, 1, 220, 6214, NULL),
(253474, 0, 1, 219, 6215, NULL),
(253475, 0, 1, 220, 6215, NULL),
(253477, 0, 1, 219, 6216, NULL),
(253478, 0, 1, 220, 6216, NULL),
(253480, 0, 1, 219, 6217, NULL),
(253481, 0, 1, 220, 6217, NULL),
(253483, 0, 1, 219, 6218, NULL),
(253484, 0, 1, 220, 6218, NULL),
(253486, 0, 1, 219, 6219, NULL),
(253487, 0, 1, 220, 6219, NULL),
(253489, 0, 1, 219, 6220, NULL),
(253490, 0, 1, 220, 6220, NULL),
(253492, 0, 1, 219, 6221, NULL),
(253493, 0, 1, 220, 6221, NULL),
(253495, 0, 1, 219, 6222, NULL),
(253496, 0, 1, 220, 6222, NULL),
(253498, 0, 1, 219, 6223, NULL),
(253499, 0, 1, 220, 6223, NULL),
(253501, 0, 1, 219, 6224, NULL),
(253502, 0, 1, 220, 6224, NULL),
(253504, 0, 1, 219, 6225, NULL),
(253505, 0, 1, 220, 6225, NULL),
(253507, 0, 1, 219, 6226, NULL),
(253508, 0, 1, 220, 6226, NULL),
(253510, 0, 1, 219, 6227, NULL),
(253511, 0, 1, 220, 6227, NULL),
(253513, 0, 1, 219, 6228, NULL),
(253514, 0, 1, 220, 6228, NULL),
(253516, 0, 1, 219, 6229, NULL),
(253517, 0, 1, 220, 6229, NULL),
(253519, 0, 1, 219, 6230, NULL),
(253520, 0, 1, 220, 6230, NULL),
(253521, 0, 1, 221, 6230, NULL),
(253522, 0, 1, 219, 6231, NULL),
(253523, 0, 1, 220, 6231, NULL),
(253524, 0, 1, 221, 6231, NULL),
(253525, 0, 1, 219, 6232, NULL),
(253526, 0, 1, 220, 6232, NULL),
(253527, 0, 1, 221, 6232, NULL),
(253528, 0, 1, 219, 6233, NULL),
(253529, 0, 1, 220, 6233, NULL),
(253530, 0, 1, 221, 6233, NULL),
(253531, 0, 1, 219, 6234, NULL),
(253532, 0, 1, 220, 6234, NULL),
(253533, 0, 1, 221, 6234, NULL),
(253534, 0, 1, 219, 6235, NULL),
(253535, 0, 1, 220, 6235, NULL),
(253536, 0, 1, 221, 6235, NULL),
(253537, 0, 1, 219, 6236, NULL),
(253538, 0, 1, 220, 6236, NULL),
(253539, 0, 1, 221, 6236, NULL),
(253540, 0, 1, 219, 6237, NULL),
(253541, 0, 1, 220, 6237, NULL),
(253542, 0, 1, 221, 6237, NULL),
(253543, 0, 1, 219, 6238, NULL),
(253544, 0, 1, 220, 6238, NULL),
(253545, 0, 1, 221, 6238, NULL),
(253546, 0, 1, 219, 6239, NULL),
(253547, 0, 1, 220, 6239, NULL),
(253548, 0, 1, 221, 6239, NULL),
(253549, 0, 1, 219, 6240, NULL),
(253550, 0, 1, 220, 6240, NULL),
(253551, 0, 1, 221, 6240, NULL),
(253552, 0, 1, 219, 6241, NULL),
(253553, 0, 1, 220, 6241, NULL),
(253554, 0, 1, 221, 6241, NULL),
(253555, 0, 1, 219, 6242, NULL),
(253556, 0, 1, 220, 6242, NULL),
(253557, 0, 1, 221, 6242, NULL),
(253558, 0, 1, 219, 6243, NULL),
(253559, 0, 1, 220, 6243, NULL),
(253560, 0, 1, 221, 6243, NULL),
(253561, 0, 1, 219, 6244, NULL),
(253562, 0, 1, 220, 6244, NULL),
(253563, 0, 1, 221, 6244, NULL),
(253564, 0, 1, 219, 6245, NULL),
(253565, 0, 1, 220, 6245, NULL),
(253566, 0, 1, 221, 6245, NULL),
(253567, 0, 1, 219, 6246, NULL),
(253568, 0, 1, 220, 6246, NULL),
(253569, 0, 1, 221, 6246, NULL),
(253570, 0, 1, 222, 6246, NULL),
(253574, 0, 1, 219, 6247, NULL),
(253575, 0, 1, 220, 6247, NULL),
(253576, 0, 1, 221, 6247, NULL),
(253577, 0, 1, 222, 6247, NULL),
(253581, 0, 1, 219, 6248, NULL),
(253582, 0, 1, 220, 6248, NULL),
(253583, 0, 1, 221, 6248, NULL),
(253584, 0, 1, 222, 6248, NULL),
(253588, 0, 1, 219, 6249, NULL),
(253589, 0, 1, 220, 6249, NULL),
(253590, 0, 1, 221, 6249, NULL),
(253591, 0, 1, 222, 6249, NULL),
(253595, 0, 1, 219, 6250, NULL),
(253596, 0, 1, 220, 6250, NULL),
(253597, 0, 1, 221, 6250, NULL),
(253598, 0, 1, 222, 6250, NULL),
(253602, 0, 1, 219, 6251, NULL),
(253603, 0, 1, 220, 6251, NULL),
(253604, 0, 1, 221, 6251, NULL),
(253605, 0, 1, 222, 6251, NULL),
(253609, 0, 1, 219, 6252, NULL),
(253610, 0, 1, 220, 6252, NULL),
(253611, 0, 1, 221, 6252, NULL),
(253612, 0, 1, 222, 6252, NULL),
(253616, 0, 1, 219, 6253, NULL),
(253617, 0, 1, 220, 6253, NULL),
(253618, 0, 1, 221, 6253, NULL),
(253619, 0, 1, 222, 6253, NULL),
(253623, 0, 1, 219, 6254, NULL),
(253624, 0, 1, 220, 6254, NULL),
(253625, 0, 1, 221, 6254, NULL),
(253626, 0, 1, 222, 6254, NULL),
(253630, 0, 1, 219, 6255, NULL),
(253631, 0, 1, 220, 6255, NULL),
(253632, 0, 1, 221, 6255, NULL),
(253633, 0, 1, 222, 6255, NULL),
(253637, 0, 1, 219, 6256, NULL),
(253638, 0, 1, 220, 6256, NULL),
(253639, 0, 1, 221, 6256, NULL),
(253640, 0, 1, 222, 6256, NULL),
(253644, 0, 1, 219, 6257, NULL),
(253645, 0, 1, 220, 6257, NULL),
(253646, 0, 1, 221, 6257, NULL),
(253647, 0, 1, 222, 6257, NULL),
(253651, 0, 1, 219, 6258, NULL),
(253652, 0, 1, 220, 6258, NULL),
(253653, 0, 1, 221, 6258, NULL),
(253654, 0, 1, 222, 6258, NULL),
(253658, 0, 1, 219, 6259, NULL),
(253659, 0, 1, 220, 6259, NULL),
(253660, 0, 1, 221, 6259, NULL),
(253661, 0, 1, 222, 6259, NULL),
(253665, 0, 1, 219, 6260, NULL),
(253666, 0, 1, 220, 6260, NULL),
(253667, 0, 1, 221, 6260, NULL),
(253668, 0, 1, 222, 6260, NULL),
(253672, 0, 1, 219, 6261, NULL),
(253673, 0, 1, 220, 6261, NULL),
(253674, 0, 1, 221, 6261, NULL),
(253675, 0, 1, 222, 6261, NULL),
(253679, 0, 1, 219, 6262, NULL),
(253680, 0, 1, 219, 6263, NULL),
(253681, 0, 1, 219, 6264, NULL),
(253682, 0, 1, 219, 6265, NULL),
(253683, 0, 1, 219, 6266, NULL),
(253684, 0, 1, 219, 6267, NULL),
(253685, 0, 1, 219, 6268, NULL),
(253686, 0, 1, 219, 6269, NULL),
(253687, 0, 1, 219, 6270, NULL),
(253688, 0, 1, 219, 6271, NULL),
(253689, 0, 1, 219, 6272, NULL),
(253690, 0, 1, 219, 6273, NULL),
(253691, 0, 1, 219, 6274, NULL),
(253692, 0, 1, 219, 6275, NULL),
(253693, 0, 1, 219, 6276, NULL),
(253694, 0, 1, 219, 6277, NULL),
(253695, 0, 1, 219, 6278, NULL),
(253696, 0, 1, 220, 6278, NULL),
(253698, 0, 1, 219, 6279, NULL),
(253699, 0, 1, 220, 6279, NULL),
(253701, 0, 1, 219, 6280, NULL),
(253702, 0, 1, 220, 6280, NULL),
(253704, 0, 1, 219, 6281, NULL),
(253705, 0, 1, 220, 6281, NULL),
(253707, 0, 1, 219, 6282, NULL),
(253708, 0, 1, 220, 6282, NULL),
(253710, 0, 1, 219, 6283, NULL),
(253711, 0, 1, 220, 6283, NULL),
(253713, 0, 1, 219, 6284, NULL),
(253714, 0, 1, 220, 6284, NULL),
(253716, 0, 1, 219, 6285, NULL),
(253717, 0, 1, 220, 6285, NULL),
(253719, 0, 1, 219, 6286, NULL),
(253720, 0, 1, 220, 6286, NULL),
(253722, 0, 1, 219, 6287, NULL),
(253723, 0, 1, 220, 6287, NULL),
(253725, 0, 1, 219, 6288, NULL),
(253726, 0, 1, 220, 6288, NULL),
(253728, 0, 1, 219, 6289, NULL),
(253729, 0, 1, 220, 6289, NULL),
(253731, 0, 1, 219, 6290, NULL),
(253732, 0, 1, 220, 6290, NULL),
(253734, 0, 1, 219, 6291, NULL),
(253735, 0, 1, 220, 6291, NULL),
(253737, 0, 1, 219, 6292, NULL),
(253738, 0, 1, 220, 6292, NULL),
(253740, 0, 1, 219, 6293, NULL),
(253741, 0, 1, 220, 6293, NULL),
(253743, 0, 1, 219, 6294, NULL),
(253744, 0, 1, 220, 6294, NULL),
(253745, 0, 1, 221, 6294, NULL),
(253746, 0, 1, 219, 6295, NULL),
(253747, 0, 1, 220, 6295, NULL),
(253748, 0, 1, 221, 6295, NULL),
(253749, 0, 1, 219, 6296, NULL),
(253750, 0, 1, 220, 6296, NULL),
(253751, 0, 1, 221, 6296, NULL),
(253752, 0, 1, 219, 6297, NULL),
(253753, 0, 1, 220, 6297, NULL),
(253754, 0, 1, 221, 6297, NULL),
(253755, 0, 1, 219, 6298, NULL),
(253756, 0, 1, 220, 6298, NULL),
(253757, 0, 1, 221, 6298, NULL),
(253758, 0, 1, 219, 6299, NULL),
(253759, 0, 1, 220, 6299, NULL),
(253760, 0, 1, 221, 6299, NULL),
(253761, 0, 1, 219, 6300, NULL),
(253762, 0, 1, 220, 6300, NULL),
(253763, 0, 1, 221, 6300, NULL),
(253764, 0, 1, 219, 6301, NULL),
(253765, 0, 1, 220, 6301, NULL),
(253766, 0, 1, 221, 6301, NULL),
(253779, 0, 1, 219, 6306, NULL),
(253780, 0, 1, 220, 6306, NULL),
(253781, 0, 1, 221, 6306, NULL),
(253782, 0, 1, 219, 6307, NULL),
(253783, 0, 1, 220, 6307, NULL),
(253784, 0, 1, 221, 6307, NULL),
(253785, 0, 1, 219, 6308, NULL),
(253786, 0, 1, 220, 6308, NULL),
(253787, 0, 1, 221, 6308, NULL),
(253788, 0, 1, 219, 6309, NULL),
(253789, 0, 1, 220, 6309, NULL),
(253790, 0, 1, 221, 6309, NULL),
(253791, 0, 1, 219, 6310, NULL),
(253792, 0, 1, 220, 6310, NULL),
(253793, 0, 1, 221, 6310, NULL),
(253794, 0, 1, 222, 6310, NULL),
(253798, 0, 1, 219, 6311, NULL),
(253799, 0, 1, 220, 6311, NULL),
(253800, 0, 1, 221, 6311, NULL),
(253801, 0, 1, 222, 6311, NULL),
(253805, 0, 1, 219, 6312, NULL),
(253806, 0, 1, 220, 6312, NULL),
(253807, 0, 1, 221, 6312, NULL),
(253808, 0, 1, 222, 6312, NULL),
(253812, 0, 1, 219, 6313, NULL),
(253813, 0, 1, 220, 6313, NULL),
(253814, 0, 1, 221, 6313, NULL),
(253815, 0, 1, 222, 6313, NULL),
(253819, 0, 1, 219, 6314, NULL),
(253820, 0, 1, 220, 6314, NULL),
(253821, 0, 1, 221, 6314, NULL),
(253822, 0, 1, 222, 6314, NULL),
(253826, 0, 1, 219, 6315, NULL),
(253827, 0, 1, 220, 6315, NULL),
(253828, 0, 1, 221, 6315, NULL),
(253829, 0, 1, 222, 6315, NULL),
(253833, 0, 1, 219, 6316, NULL),
(253834, 0, 1, 220, 6316, NULL),
(253835, 0, 1, 221, 6316, NULL),
(253836, 0, 1, 222, 6316, NULL),
(253840, 0, 1, 219, 6317, NULL),
(253841, 0, 1, 220, 6317, NULL),
(253842, 0, 1, 221, 6317, NULL),
(253843, 0, 1, 222, 6317, NULL),
(253847, 0, 1, 219, 6318, NULL),
(253848, 0, 1, 220, 6318, NULL),
(253849, 0, 1, 221, 6318, NULL),
(253850, 0, 1, 222, 6318, NULL),
(253854, 0, 1, 219, 6319, NULL),
(253855, 0, 1, 220, 6319, NULL),
(253856, 0, 1, 221, 6319, NULL),
(253857, 0, 1, 222, 6319, NULL),
(253861, 0, 1, 219, 6320, NULL),
(253862, 0, 1, 220, 6320, NULL),
(253863, 0, 1, 221, 6320, NULL),
(253864, 0, 1, 222, 6320, NULL),
(253868, 0, 1, 219, 6321, NULL),
(253869, 0, 1, 220, 6321, NULL),
(253870, 0, 1, 221, 6321, NULL),
(253871, 0, 1, 222, 6321, NULL),
(253875, 0, 1, 219, 6322, NULL),
(253876, 0, 1, 220, 6322, NULL),
(253877, 0, 1, 221, 6322, NULL),
(253878, 0, 1, 222, 6322, NULL),
(253882, 0, 1, 219, 6323, NULL),
(253883, 0, 1, 220, 6323, NULL),
(253884, 0, 1, 221, 6323, NULL),
(253885, 0, 1, 222, 6323, NULL),
(253889, 0, 1, 219, 6324, NULL),
(253890, 0, 1, 220, 6324, NULL),
(253891, 0, 1, 221, 6324, NULL),
(253892, 0, 1, 222, 6324, NULL),
(253896, 0, 1, 219, 6325, NULL),
(253897, 0, 1, 220, 6325, NULL),
(253898, 0, 1, 221, 6325, NULL),
(253899, 0, 1, 222, 6325, NULL),
(253903, 0, 1, 219, 6326, NULL),
(253904, 0, 1, 219, 6327, NULL),
(253905, 0, 1, 219, 6328, NULL),
(253906, 0, 1, 219, 6329, NULL),
(253907, 0, 1, 219, 6330, NULL),
(253908, 0, 1, 219, 6331, NULL),
(253909, 0, 1, 219, 6332, NULL),
(253910, 0, 1, 219, 6333, NULL),
(253911, 0, 1, 219, 6334, NULL),
(253912, 0, 1, 219, 6335, NULL),
(253913, 0, 1, 219, 6336, NULL),
(253914, 0, 1, 219, 6337, NULL),
(253915, 0, 1, 219, 6338, NULL),
(253916, 0, 1, 219, 6339, NULL),
(253917, 0, 1, 219, 6340, NULL),
(253918, 0, 1, 219, 6341, NULL),
(253919, 0, 1, 219, 6342, NULL),
(253920, 0, 1, 220, 6342, NULL),
(253922, 0, 1, 219, 6343, NULL),
(253923, 0, 1, 220, 6343, NULL),
(253925, 0, 1, 219, 6344, NULL),
(253926, 0, 1, 220, 6344, NULL),
(253928, 0, 1, 219, 6345, NULL),
(253929, 0, 1, 220, 6345, NULL),
(253931, 0, 1, 219, 6346, NULL),
(253932, 0, 1, 220, 6346, NULL),
(253934, 0, 1, 219, 6347, NULL),
(253935, 0, 1, 220, 6347, NULL),
(253937, 0, 1, 219, 6348, NULL),
(253938, 0, 1, 220, 6348, NULL),
(253940, 0, 1, 219, 6349, NULL),
(253941, 0, 1, 220, 6349, NULL),
(253943, 0, 1, 219, 6350, NULL),
(253944, 0, 1, 220, 6350, NULL),
(253946, 0, 1, 219, 6351, NULL),
(253947, 0, 1, 220, 6351, NULL),
(253949, 0, 1, 219, 6352, NULL),
(253950, 0, 1, 220, 6352, NULL),
(253952, 0, 1, 219, 6353, NULL),
(253953, 0, 1, 220, 6353, NULL),
(253955, 0, 1, 219, 6354, NULL),
(253956, 0, 1, 220, 6354, NULL),
(253958, 0, 1, 219, 6355, NULL),
(253959, 0, 1, 220, 6355, NULL),
(253961, 0, 1, 219, 6356, NULL),
(253962, 0, 1, 220, 6356, NULL),
(253964, 0, 1, 219, 6357, NULL),
(253965, 0, 1, 220, 6357, NULL),
(253967, 0, 1, 219, 6358, NULL),
(253968, 0, 1, 220, 6358, NULL),
(253969, 0, 1, 221, 6358, NULL),
(253970, 0, 1, 219, 6359, NULL),
(253971, 0, 1, 220, 6359, NULL),
(253972, 0, 1, 221, 6359, NULL),
(253973, 0, 1, 219, 6360, NULL),
(253974, 0, 1, 220, 6360, NULL),
(253975, 0, 1, 221, 6360, NULL),
(253976, 0, 1, 219, 6361, NULL),
(253977, 0, 1, 220, 6361, NULL),
(253978, 0, 1, 221, 6361, NULL),
(253979, 0, 1, 219, 6362, NULL),
(253980, 0, 1, 220, 6362, NULL),
(253981, 0, 1, 221, 6362, NULL),
(253982, 0, 1, 219, 6363, NULL),
(253983, 0, 1, 220, 6363, NULL),
(253984, 0, 1, 221, 6363, NULL),
(253985, 0, 1, 219, 6364, NULL),
(253986, 0, 1, 220, 6364, NULL),
(253987, 0, 1, 221, 6364, NULL),
(253988, 0, 1, 219, 6365, NULL),
(253989, 0, 1, 220, 6365, NULL),
(253990, 0, 1, 221, 6365, NULL),
(254003, 0, 1, 219, 6370, NULL),
(254004, 0, 1, 220, 6370, NULL),
(254005, 0, 1, 221, 6370, NULL),
(254006, 0, 1, 219, 6371, NULL),
(254007, 0, 1, 220, 6371, NULL),
(254008, 0, 1, 221, 6371, NULL),
(254009, 0, 1, 219, 6372, NULL),
(254010, 0, 1, 220, 6372, NULL),
(254011, 0, 1, 221, 6372, NULL),
(254012, 0, 1, 219, 6373, NULL),
(254013, 0, 1, 220, 6373, NULL),
(254014, 0, 1, 221, 6373, NULL),
(254015, 0, 1, 219, 6374, NULL),
(254016, 0, 1, 220, 6374, NULL),
(254017, 0, 1, 221, 6374, NULL),
(254018, 0, 1, 222, 6374, NULL),
(254022, 0, 1, 219, 6375, NULL),
(254023, 0, 1, 220, 6375, NULL),
(254024, 0, 1, 221, 6375, NULL),
(254025, 0, 1, 222, 6375, NULL),
(254029, 0, 1, 219, 6376, NULL),
(254030, 0, 1, 220, 6376, NULL),
(254031, 0, 1, 221, 6376, NULL),
(254032, 0, 1, 222, 6376, NULL),
(254036, 0, 1, 219, 6377, NULL),
(254037, 0, 1, 220, 6377, NULL),
(254038, 0, 1, 221, 6377, NULL),
(254039, 0, 1, 222, 6377, NULL),
(254043, 0, 1, 219, 6378, NULL),
(254044, 0, 1, 220, 6378, NULL),
(254045, 0, 1, 221, 6378, NULL),
(254046, 0, 1, 222, 6378, NULL),
(254050, 0, 1, 219, 6379, NULL),
(254051, 0, 1, 220, 6379, NULL),
(254052, 0, 1, 221, 6379, NULL),
(254053, 0, 1, 222, 6379, NULL),
(254057, 0, 1, 219, 6380, NULL),
(254058, 0, 1, 220, 6380, NULL),
(254059, 0, 1, 221, 6380, NULL),
(254060, 0, 1, 222, 6380, NULL),
(254064, 0, 1, 219, 6381, NULL),
(254065, 0, 1, 220, 6381, NULL),
(254066, 0, 1, 221, 6381, NULL),
(254067, 0, 1, 222, 6381, NULL),
(254071, 0, 1, 219, 6382, NULL),
(254072, 0, 1, 220, 6382, NULL),
(254073, 0, 1, 221, 6382, NULL),
(254074, 0, 1, 222, 6382, NULL),
(254078, 0, 1, 219, 6383, NULL),
(254079, 0, 1, 220, 6383, NULL),
(254080, 0, 1, 221, 6383, NULL),
(254081, 0, 1, 222, 6383, NULL),
(254085, 0, 1, 219, 6384, NULL),
(254086, 0, 1, 220, 6384, NULL),
(254087, 0, 1, 221, 6384, NULL),
(254088, 0, 1, 222, 6384, NULL),
(254092, 0, 1, 219, 6385, NULL),
(254093, 0, 1, 220, 6385, NULL),
(254094, 0, 1, 221, 6385, NULL),
(254095, 0, 1, 222, 6385, NULL),
(254099, 0, 1, 219, 6386, NULL),
(254100, 0, 1, 220, 6386, NULL),
(254101, 0, 1, 221, 6386, NULL),
(254102, 0, 1, 222, 6386, NULL),
(254106, 0, 1, 219, 6387, NULL);
INSERT INTO `trangthai_ghe` (`id`, `trangthai`, `ghe`, `idhangghe`, `idsuatchieu`, `idphim`) VALUES
(254107, 0, 1, 220, 6387, NULL),
(254108, 0, 1, 221, 6387, NULL),
(254109, 0, 1, 222, 6387, NULL),
(254113, 0, 1, 219, 6388, NULL),
(254114, 0, 1, 220, 6388, NULL),
(254115, 0, 1, 221, 6388, NULL),
(254116, 0, 1, 222, 6388, NULL),
(254120, 0, 1, 219, 6389, NULL),
(254121, 0, 1, 220, 6389, NULL),
(254122, 0, 1, 221, 6389, NULL),
(254123, 0, 1, 222, 6389, NULL);

-- --------------------------------------------------------

--
-- Cấu trúc bảng cho bảng `user`
--

CREATE TABLE `user` (
  `id` int(11) NOT NULL,
  `user` varchar(50) NOT NULL,
  `email` varchar(50) NOT NULL,
  `sdt` int(11) NOT NULL,
  `role` int(3) NOT NULL,
  `pass` varchar(50) NOT NULL
) ENGINE=InnoDB DEFAULT CHARSET=utf8mb4;

--
-- Đang đổ dữ liệu cho bảng `user`
--

INSERT INTO `user` (`id`, `user`, `email`, `sdt`, `role`, `pass`) VALUES
(40, 'admin123', 'nchithanh9999@gmail.com', 934071454, 2, '4152a9e49732b2c4e2ab19d704f64d1e5ea3b08e'),
(43, 'thanhvien1', 'nchithanh9999@gmail.com', 934071454, 1, '8ccdecded82a48e4c17842f52dafc03e67decee5'),
(44, 'thanhvien2', 'nchithanh9999@gmail.com', 934071454, 1, '01e4ad3907a780eaaea8207e7dda8355c8599840'),
(45, 'thanhvien3', 'nchithanh9999@gmail.com', 934071454, 1, '3b15b39a799a8824c64ba1c9bf6535ab7d8cef82'),
(46, 'chithanh', 'nchithanh9999@gmail.com', 934071454, 1, '05611aba3b25293bd470c7ccbaab76b3be28486b'),
(47, 'chithanh123', 'nchithanh9999@gmail.com', 934071454, 1, '1f4658e03ff33d2f3aa246d4ad0466de5a4aa35d'),
(48, '123frdgvdr', 'nchithanh9999@gmail.com', 934071454, 1, 'a017e5c978b0203faffdd144885879d7e3a32482');

-- --------------------------------------------------------

--
-- Cấu trúc bảng cho bảng `ve`
--

CREATE TABLE `ve` (
  `id` int(11) NOT NULL,
  `tenphim` text DEFAULT NULL,
  `tenrap` varchar(50) DEFAULT NULL,
  `tenphongchieu` varchar(50) DEFAULT NULL,
  `ngaychieu` varchar(50) DEFAULT NULL,
  `suatchieu` varchar(50) DEFAULT NULL,
  `ghe` varchar(50) DEFAULT NULL,
  `iduser` int(11) DEFAULT NULL
) ENGINE=InnoDB DEFAULT CHARSET=utf8mb4;

--
-- Đang đổ dữ liệu cho bảng `ve`
--

INSERT INTO `ve` (`id`, `tenphim`, `tenrap`, `tenphongchieu`, `ngaychieu`, `suatchieu`, `ghe`, `iduser`) VALUES
(14, 'Honest Candidate - Bà Hoàng Nói Dối', 'nguyễn văn A', 'phòng B', '2020-02-10', '06:21', 'A1.', 48);

--
-- Chỉ mục cho các bảng đã đổ
--

--
-- Chỉ mục cho bảng `banner`
--
ALTER TABLE `banner`
  ADD PRIMARY KEY (`id`);

--
-- Chỉ mục cho bảng `danhgiaphim`
--
ALTER TABLE `danhgiaphim`
  ADD PRIMARY KEY (`id`),
  ADD KEY `danhgiaphim_phim` (`idphim`);

--
-- Chỉ mục cho bảng `ghe`
--
ALTER TABLE `ghe`
  ADD PRIMARY KEY (`id`),
  ADD KEY `trangthai` (`trangthai`),
  ADD KEY `trangthai_2` (`trangthai`),
  ADD KEY `idhangghe` (`idhangghe`),
  ADD KEY `idphong` (`idphong`),
  ADD KEY `idsuatchieu` (`idsuatchieu`);

--
-- Chỉ mục cho bảng `hangghe`
--
ALTER TABLE `hangghe`
  ADD PRIMARY KEY (`id`),
  ADD KEY `hangghe_phongchieu` (`idphongchieu`),
  ADD KEY `idsuatchieu` (`idsuatchieu`);

--
-- Chỉ mục cho bảng `khuyenmai`
--
ALTER TABLE `khuyenmai`
  ADD PRIMARY KEY (`id`);

--
-- Chỉ mục cho bảng `phim`
--
ALTER TABLE `phim`
  ADD PRIMARY KEY (`id`);

--
-- Chỉ mục cho bảng `phim_rap`
--
ALTER TABLE `phim_rap`
  ADD PRIMARY KEY (`id_lienket`),
  ADD KEY `idphim` (`idphim`),
  ADD KEY `idrap` (`idrap`);

--
-- Chỉ mục cho bảng `phongchieu`
--
ALTER TABLE `phongchieu`
  ADD PRIMARY KEY (`id`),
  ADD KEY `phongchieu_rap` (`idrap`);

--
-- Chỉ mục cho bảng `rap`
--
ALTER TABLE `rap`
  ADD PRIMARY KEY (`id`),
  ADD KEY `idtinhthanh` (`idtinhthanh`);

--
-- Chỉ mục cho bảng `suatchieu`
--
ALTER TABLE `suatchieu`
  ADD PRIMARY KEY (`id`),
  ADD KEY `idphim_rap` (`idphim_rap`),
  ADD KEY `idphongchieu` (`idphongchieu`);

--
-- Chỉ mục cho bảng `thanhtoan`
--
ALTER TABLE `thanhtoan`
  ADD PRIMARY KEY (`id`),
  ADD KEY `idphim` (`idphim`,`idrap`,`idsuatchieu`,`idphongchieu`,`idhangghe`,`idghe`),
  ADD KEY `idrap` (`idrap`),
  ADD KEY `iduser` (`iduser`);

--
-- Chỉ mục cho bảng `tinhthanh`
--
ALTER TABLE `tinhthanh`
  ADD PRIMARY KEY (`id`);

--
-- Chỉ mục cho bảng `trangthai_ghe`
--
ALTER TABLE `trangthai_ghe`
  ADD PRIMARY KEY (`id`),
  ADD KEY `ghe_hangghe` (`idhangghe`),
  ADD KEY `idsuatchieu` (`idsuatchieu`);

--
-- Chỉ mục cho bảng `user`
--
ALTER TABLE `user`
  ADD PRIMARY KEY (`id`);

--
-- Chỉ mục cho bảng `ve`
--
ALTER TABLE `ve`
  ADD PRIMARY KEY (`id`);

--
-- AUTO_INCREMENT cho các bảng đã đổ
--

--
-- AUTO_INCREMENT cho bảng `banner`
--
ALTER TABLE `banner`
  MODIFY `id` int(11) NOT NULL AUTO_INCREMENT, AUTO_INCREMENT=5;

--
-- AUTO_INCREMENT cho bảng `danhgiaphim`
--
ALTER TABLE `danhgiaphim`
  MODIFY `id` int(11) NOT NULL AUTO_INCREMENT, AUTO_INCREMENT=19;

--
-- AUTO_INCREMENT cho bảng `ghe`
--
ALTER TABLE `ghe`
  MODIFY `id` int(11) NOT NULL AUTO_INCREMENT, AUTO_INCREMENT=4972;

--
-- AUTO_INCREMENT cho bảng `hangghe`
--
ALTER TABLE `hangghe`
  MODIFY `id` int(11) NOT NULL AUTO_INCREMENT, AUTO_INCREMENT=223;

--
-- AUTO_INCREMENT cho bảng `khuyenmai`
--
ALTER TABLE `khuyenmai`
  MODIFY `id` int(11) NOT NULL AUTO_INCREMENT, AUTO_INCREMENT=8;

--
-- AUTO_INCREMENT cho bảng `phim`
--
ALTER TABLE `phim`
  MODIFY `id` int(11) NOT NULL AUTO_INCREMENT, AUTO_INCREMENT=14;

--
-- AUTO_INCREMENT cho bảng `phim_rap`
--
ALTER TABLE `phim_rap`
  MODIFY `id_lienket` int(11) NOT NULL AUTO_INCREMENT, AUTO_INCREMENT=245;

--
-- AUTO_INCREMENT cho bảng `phongchieu`
--
ALTER TABLE `phongchieu`
  MODIFY `id` int(11) NOT NULL AUTO_INCREMENT, AUTO_INCREMENT=75;

--
-- AUTO_INCREMENT cho bảng `rap`
--
ALTER TABLE `rap`
  MODIFY `id` int(11) NOT NULL AUTO_INCREMENT, AUTO_INCREMENT=33;

--
-- AUTO_INCREMENT cho bảng `suatchieu`
--
ALTER TABLE `suatchieu`
  MODIFY `id` int(11) NOT NULL AUTO_INCREMENT, AUTO_INCREMENT=6390;

--
-- AUTO_INCREMENT cho bảng `thanhtoan`
--
ALTER TABLE `thanhtoan`
  MODIFY `id` int(11) NOT NULL AUTO_INCREMENT, AUTO_INCREMENT=31;

--
-- AUTO_INCREMENT cho bảng `tinhthanh`
--
ALTER TABLE `tinhthanh`
  MODIFY `id` int(11) NOT NULL AUTO_INCREMENT, AUTO_INCREMENT=2;

--
-- AUTO_INCREMENT cho bảng `trangthai_ghe`
--
ALTER TABLE `trangthai_ghe`
  MODIFY `id` int(11) NOT NULL AUTO_INCREMENT, AUTO_INCREMENT=254124;

--
-- AUTO_INCREMENT cho bảng `user`
--
ALTER TABLE `user`
  MODIFY `id` int(11) NOT NULL AUTO_INCREMENT, AUTO_INCREMENT=49;

--
-- AUTO_INCREMENT cho bảng `ve`
--
ALTER TABLE `ve`
  MODIFY `id` int(11) NOT NULL AUTO_INCREMENT, AUTO_INCREMENT=15;

--
-- Các ràng buộc cho các bảng đã đổ
--

--
-- Các ràng buộc cho bảng `danhgiaphim`
--
ALTER TABLE `danhgiaphim`
  ADD CONSTRAINT `danhgiaphim_ibfk_1` FOREIGN KEY (`idphim`) REFERENCES `phim` (`id`);

--
-- Các ràng buộc cho bảng `ghe`
--
ALTER TABLE `ghe`
  ADD CONSTRAINT `ghe_ibfk_1` FOREIGN KEY (`idphong`) REFERENCES `phongchieu` (`id`),
  ADD CONSTRAINT `ghe_ibfk_2` FOREIGN KEY (`idhangghe`) REFERENCES `hangghe` (`id`);

--
-- Các ràng buộc cho bảng `hangghe`
--
ALTER TABLE `hangghe`
  ADD CONSTRAINT `hangghe_ibfk_1` FOREIGN KEY (`idphongchieu`) REFERENCES `phongchieu` (`id`);

--
-- Các ràng buộc cho bảng `phim_rap`
--
ALTER TABLE `phim_rap`
  ADD CONSTRAINT `phim_rap_ibfk_1` FOREIGN KEY (`idphim`) REFERENCES `phim` (`id`),
  ADD CONSTRAINT `phim_rap_ibfk_2` FOREIGN KEY (`idrap`) REFERENCES `rap` (`id`);

--
-- Các ràng buộc cho bảng `phongchieu`
--
ALTER TABLE `phongchieu`
  ADD CONSTRAINT `phongchieu_rap` FOREIGN KEY (`idrap`) REFERENCES `rap` (`id`);

--
-- Các ràng buộc cho bảng `rap`
--
ALTER TABLE `rap`
  ADD CONSTRAINT `rap_tinhthanh` FOREIGN KEY (`idtinhthanh`) REFERENCES `tinhthanh` (`id`);

--
-- Các ràng buộc cho bảng `suatchieu`
--
ALTER TABLE `suatchieu`
  ADD CONSTRAINT `suatchieu_ibfk_1` FOREIGN KEY (`idphim_rap`) REFERENCES `phim_rap` (`id_lienket`),
  ADD CONSTRAINT `suatchieu_ibfk_2` FOREIGN KEY (`idphongchieu`) REFERENCES `phongchieu` (`id`);

--
-- Các ràng buộc cho bảng `thanhtoan`
--
ALTER TABLE `thanhtoan`
  ADD CONSTRAINT `thanhtoan_ibfk_1` FOREIGN KEY (`iduser`) REFERENCES `user` (`id`);

--
-- Các ràng buộc cho bảng `trangthai_ghe`
--
ALTER TABLE `trangthai_ghe`
  ADD CONSTRAINT `ghe_hangghe` FOREIGN KEY (`idhangghe`) REFERENCES `hangghe` (`id`),
  ADD CONSTRAINT `trangthai_ghe_ibfk_1` FOREIGN KEY (`idsuatchieu`) REFERENCES `suatchieu` (`id`);
COMMIT;

/*!40101 SET CHARACTER_SET_CLIENT=@OLD_CHARACTER_SET_CLIENT */;
/*!40101 SET CHARACTER_SET_RESULTS=@OLD_CHARACTER_SET_RESULTS */;
/*!40101 SET COLLATION_CONNECTION=@OLD_COLLATION_CONNECTION */;
